﻿Authors,Title,Year,Cited by,Link,Funding Details,Publication Stage
"Varma M., Zisserman A.","A statistical approach to material classification using image patch exemplars",2009,479,"https://www.scopus.com/inward/record.uri?eid=2-s2.0-70349850950&doi=10.1109%2fTPAMI.2008.182&partnerID=40&md5=29d0ce3bd2e80667951b935c33f83d88","University of Oxford

European Commission","Final"
"Yang A.Y., Zhou Z., Balasubramanian A.G., Sastry S.S., Ma Y.","Fast ℓ1-minimization algorithms for robust face recognition",2013,247,"https://www.scopus.com/inward/record.uri?eid=2-s2.0-84879044578&doi=10.1109%2fTIP.2013.2262292&partnerID=40&md5=3319009ec16ee1a8836f54019bd2ca45",,"Final"
"Kumar A., Zhang D.","Personal recognition using hand shape and texture",2006,216,"https://www.scopus.com/inward/record.uri?eid=2-s2.0-33746265519&doi=10.1109%2fTIP.2006.875214&partnerID=40&md5=c3a66a94bac3254c5238cd775d8db57c","National Natural Science Foundation of China

Hong Kong Polytechnic University","Final"
"Samuel O.W., Asogbon G.M., Sangaiah A.K., Fang P., Li G.","An integrated decision support system based on ANN and Fuzzy_AHP for heart failure risk prediction",2017,158,"https://www.scopus.com/inward/record.uri?eid=2-s2.0-84992502879&doi=10.1016%2fj.eswa.2016.10.020&partnerID=40&md5=3bb8483fbbcc2cb7929044e676010128","National Natural Science Foundation of China

Chinese Academy of Sciences

National High-tech Research and Development Program

National Key Research and Development Program of China

Shenzhen Peacock Plan

Natural Science Foundation of Guangdong Province for Distinguished Young Scholars","Final"
"Dou J., Yunus A.P., Tien Bui D., Merghadi A., Sahana M., Zhu Z., Chen C.-W., Khosravi K., Yang Y., Pham B.T.","Assessment of advanced random forest and decision tree algorithms for modeling rainfall-induced landslide susceptibility in the Izu-Oshima Volcanic Island, Japan",2019,123,"https://www.scopus.com/inward/record.uri?eid=2-s2.0-85060476790&doi=10.1016%2fj.scitotenv.2019.01.221&partnerID=40&md5=38a323d65b53a180e90be6492ca9f123","National Natural Science Foundation of China","Final"
"Mitchell T., Cohen W., Hruschka E., Talukdar P., Yang B., Betteridge J., Carlson A., Dalvi B., Gardner M., Kisiel B., Krishnamurthy J., Lao N., Mazaitis K., Mohamed T., Nakashole N., Platanios E., Ritter A., Samadi M., Settles B., Wang R., Wijaya D., Gupta A., Chen X., Saparov A., Greaves M., Welling J.","Never-ending learning",2018,120,"https://www.scopus.com/inward/record.uri?eid=2-s2.0-85046532533&doi=10.1145%2f3191513&partnerID=40&md5=f8864079300fde327be3c04fee409337","National Science Foundation

Air Force Office of Scientific Research

Defense Advanced Research Projects Agency

Microsoft

Google

Fulbright Association

Fundação de Amparo à Pesquisa do Estado de São Paulo

Coordenação de Aperfeiçoamento de Pessoal de Nível Superior","Final"
"Wang G.-G., Deb S., Gandomi A.H., Alavi A.H.","Opposition-based krill herd algorithm with Cauchy mutation and position clamping",2016,97,"https://www.scopus.com/inward/record.uri?eid=2-s2.0-84959313257&doi=10.1016%2fj.neucom.2015.11.018&partnerID=40&md5=e302bf6e0cd4d58daf93c4bae6dc89c6","National Natural Science Foundation of China","Final"
"Zhu F., Bosch M., Khanna N., Boushey C.J., Delp E.J.","Multiple hypotheses image segmentation and classification with application to dietary assessment",2015,94,"https://www.scopus.com/inward/record.uri?eid=2-s2.0-84920885244&doi=10.1109%2fJBHI.2014.2304925&partnerID=40&md5=10e7c5149c4b24b939ee1aa890f24fcb","National Cancer Institute

National Institute of Diabetes and Digestive and Kidney Diseases","Final"
"Yousefi S., Narui H., Dayal S., Ermon S., Valaee S.","A Survey on Behavior Recognition Using WiFi Channel State Information",2017,91,"https://www.scopus.com/inward/record.uri?eid=2-s2.0-85036454840&doi=10.1109%2fMCOM.2017.1700082&partnerID=40&md5=cfe0e4c6b31a29e0fcfe3d8666e810cb","Fonds Québécois de la Recherche sur la Nature et les Technologies

Fonds Québécois de la Recherche sur la Nature et les Technologies

Fonds de recherche du Québec – Nature et technologies

National Science Foundation","Final"
"Lumelsky V.J., Harinarayan K.R.","Decentralized Motion Planning for Multiple Mobile Robots: The Cocktail Party Model",1997,90,"https://www.scopus.com/inward/record.uri?eid=2-s2.0-0030713716&doi=10.1023%2fA%3a1008815304810&partnerID=40&md5=28e7f1b1e89daa057a2b388174fe53aa","National Science Foundation","Final"
"Hu Z.Z., Narayanaswamy M., Ravikumar K.E., Vijay-Shanker K., Wu C.H.","Literature mining and database annotation of protein phosphorylation using a rule-based system",2005,69,"https://www.scopus.com/inward/record.uri?eid=2-s2.0-20744446607&doi=10.1093%2fbioinformatics%2fbti390&partnerID=40&md5=77a95c5b2ead6ca743cf0a0f5f8cec95","National Institutes of Health

National Human Genome Research Institute

Council of Scientific and Industrial Research, India","Final"
"Swaminathan S., Pasipanodya J.G., Ramachandran G., Kumar A.K.H., Srivastava S., Deshpande D., Nuermberger E., Gumbo T.","Drug Concentration Thresholds Predictive of Therapy Failure and Death in Children with Tuberculosis: Bread Crumb Trails in Random Forests",2016,67,"https://www.scopus.com/inward/record.uri?eid=2-s2.0-84994571281&doi=10.1093%2fcid%2fciw471&partnerID=40&md5=420bf93973b1fa9b08be9cf8b9025396","National Institutes of Health

National Institute of Allergy and Infectious Diseases

Indian Council of Medical Research","Final"
"Chen X., Kar S., Ralescu D.A.","Cross-entropy measure of uncertain variables",2012,67,"https://www.scopus.com/inward/record.uri?eid=2-s2.0-84860311821&doi=10.1016%2fj.ins.2012.02.049&partnerID=40&md5=82d8c0b67d090754d975d1894b4317b5","National Natural Science Foundation of China","Final"
"Mozaffari-Kermani M., Sur-Kolay S., Raghunathan A., Jha N.K.","Systematic poisoning attacks on and defenses for machine learning in healthcare",2015,64,"https://www.scopus.com/inward/record.uri?eid=2-s2.0-84959182554&doi=10.1109%2fJBHI.2014.2344095&partnerID=40&md5=85ee9188dd18277e4fbe652ddf9daac2","National Science Foundation","Final"
"Zhang H., Xiao X., Mercaldo F., Ni S., Martinelli F., Sangaiah A.K.","Classification of ransomware families with machine learning based on N-gram of opcodes",2019,56,"https://www.scopus.com/inward/record.uri?eid=2-s2.0-85051027281&doi=10.1016%2fj.future.2018.07.052&partnerID=40&md5=5194ac3d48041f080be8ad51b19ee781","National Natural Science Foundation of China

Natural Science Foundation of Guangdong Province","Final"
"Ansari M.Z., Sharma J., Gokhale R.S., Mohanty D.","In silico analysis of methyltransferase domains involved in biosynthesis of secondary metabolites",2008,56,"https://www.scopus.com/inward/record.uri?eid=2-s2.0-58149287683&doi=10.1186%2f1471-2105-9-454&partnerID=40&md5=d32d2550367e588bef4f594b0d8280cc","Seventh Framework Programme","Final"
"Liu G., Liu S., Muhammad K., Sangaiah A.K., Doctor F.","Object Tracking in Vary Lighting Conditions for Fog Based Intelligent Surveillance of Public Spaces",2018,55,"https://www.scopus.com/inward/record.uri?eid=2-s2.0-85046742086&doi=10.1109%2fACCESS.2018.2834916&partnerID=40&md5=281a9c7286a886af37c1153a04e2cbf8","National Natural Science Foundation of China

Research Program of Science and Technology at Universities of Inner Mongolia Autonomous Region","Final"
"Das B., Krishnan N.C., Cook D.J.","RACOG and wRACOG: Two probabilistic oversampling techniques",2015,51,"https://www.scopus.com/inward/record.uri?eid=2-s2.0-84916918673&doi=10.1109%2fTKDE.2014.2324567&partnerID=40&md5=9f3ddea85777f124955e976ba15bb4f5","National Science Foundation","Final"
"Zeng D., Dai Y., Li F., Wang J., Sangaiah A.K.","Aspect based sentiment analysis by a linguistically regularized CNN with gated mechanism",2019,50,"https://www.scopus.com/inward/record.uri?eid=2-s2.0-85065845949&doi=10.3233%2fJIFS-169958&partnerID=40&md5=7268f5e3532d4ee070da9c3c514ebb56","National Natural Science Foundation of China

Hunan Provincial Science and Technology Department

National Laboratory of Pattern Recognition","Final"
"Shehory O., Sycara K., Chalasani P., Jha S.","Agent cloning: An approach to agent mobility and resource allocation",1998,47,"https://www.scopus.com/inward/record.uri?eid=2-s2.0-0032123179&doi=10.1109%2f35.689632&partnerID=40&md5=4c03982d9715fcda1855fc4d24f534eb","National Science Foundation","Final"
"Qiu T., Wang H., Li K., Ning H., Sangaiah A.K., Chen B.","SIGMM: A Novel Machine Learning Algorithm for Spammer Identification in Industrial Mobile Cloud Computing",2019,44,"https://www.scopus.com/inward/record.uri?eid=2-s2.0-85041420330&doi=10.1109%2fTII.2018.2799907&partnerID=40&md5=28a9cd3061ecb0dbe3cbef72e8596e12","National Natural Science Foundation of China

National Key Research and Development Program of China","Final"
"Nguyen T.A., Do M., Gerevini A.E., Serina I., Srivastava B., Kambhampati S.","Generating diverse plans to handle unknown and partially known user preferences",2012,44,"https://www.scopus.com/inward/record.uri?eid=2-s2.0-84863479544&doi=10.1016%2fj.artint.2012.05.005&partnerID=40&md5=29ea32afb7b479328a711bd0f1670140","National Science Foundation

Office of Naval Research

Defense Advanced Research Projects Agency

International Business Machines Corporation

Science Foundation Arizona","Final"
"Anoop Krishnan N.M., Mangalathu S., Smedskjaer M.M., Tandia A., Burton H., Bauchy M.","Predicting the dissolution kinetics of silicate glasses using machine learning",2018,40,"https://www.scopus.com/inward/record.uri?eid=2-s2.0-85042293042&doi=10.1016%2fj.jnoncrysol.2018.02.023&partnerID=40&md5=5e19c8e27fc1305f2ffa02a5cc27f99e","National Science Foundation

Department of Science and Technology, Government of Kerala","Final"
"Chakraborty S., Balasubramanian V., Sun Q., Panchanathan S., Ye J.","Active Batch Selection via Convex Relaxations with Guaranteed Solution Bounds",2015,40,"https://www.scopus.com/inward/record.uri?eid=2-s2.0-84941194771&doi=10.1109%2fTPAMI.2015.2389848&partnerID=40&md5=478e402b04c8d5876e4300f11a0a8d7b","National Science Foundation","Final"
"Plewczynski D., Basu S., Saha I.","AMS 4.0: Consensus prediction of post-translational modifications in protein sequences",2012,40,"https://www.scopus.com/inward/record.uri?eid=2-s2.0-84864743678&doi=10.1007%2fs00726-012-1290-2&partnerID=40&md5=bbce9e86d38d9dd1be1bb97b051c5856","Seventh Framework Programme","Final"
"Zhang J., Xie N., Zhang X., Yue K., Li W., Kumar D.","Machine learning based resource allocation of cloud computing in auction",2018,37,"https://www.scopus.com/inward/record.uri?eid=2-s2.0-85054936547&doi=10.3970%2fcmc.2018.03728&partnerID=40&md5=cf939c8a2e0d1ead4a1f00ea1074c9e2","Scientific Research Foundation of Hunan Provincial Education Department

National Natural Science Foundation of China

Excellent Young Talents Fund Program of Higher Education Institutions of Anhui Province

Yunnan University

Yunnan Provincial Department of Education","Final"
"Toth R., Tiwari P., Rosen M., Reed G., Kurhanewicz J., Kalyanpur A., Pungavkar S., Madabhushi A.","A magnetic resonance spectroscopy driven initialization scheme for active shape model based prostate segmentation",2011,37,"https://www.scopus.com/inward/record.uri?eid=2-s2.0-79851508419&doi=10.1016%2fj.media.2010.09.002&partnerID=40&md5=d27edfcd1c35447941383b31ad20c914","National Cancer Institute

Wallace H. Coulter Foundation

Rutgers Cancer Institute of New Jersey

Rutgers, The State University of New Jersey","Final"
"Nimgaonkar A., Karnad D.R., Sudarshan S., Ohno-Machado L., Kohane I.","Prediction of mortality in an Indian intensive care unit: Comparison between APACHE II and artificial neural networks",2004,37,"https://www.scopus.com/inward/record.uri?eid=2-s2.0-1342310793&doi=10.1007%2fs00134-003-2105-4&partnerID=40&md5=dff641deb6e041fb28dc421370af2a08","U.S. National Library of Medicine","Final"
"Das B., Cook D.J., Krishnan N.C., Schmitter-Edgecombe M.","One-Class Classification-Based Real-Time Activity Error Detection in Smart Homes",2016,36,"https://www.scopus.com/inward/record.uri?eid=2-s2.0-84982701536&doi=10.1109%2fJSTSP.2016.2535972&partnerID=40&md5=f8abae23e389a336ebd0ed333c3cf22f","National Science Foundation","Final"
"Srivastava S., Pasipanodya J.G., Ramachandran G., Deshpande D., Shuford S., Crosswell H.E., Cirrincione K.N., Sherman C.M., Swaminathan S., Gumbo T.","A Long-term Co-perfused Disseminated Tuberculosis-3D Liver Hollow Fiber Model for Both Drug Efficacy and Hepatotoxicity in Babies",2016,30,"https://www.scopus.com/inward/record.uri?eid=2-s2.0-84959570654&doi=10.1016%2fj.ebiom.2016.02.040&partnerID=40&md5=7cc73c59e65d59698a678fe8cec773cb","National Institutes of Health

NIH Office of the Director

National Institute of Allergy and Infectious Diseases","Final"
"Tripathi A.R., Ahmed T., Karnik N.M.","Experiences and future challenges in mobile agent programming",2001,30,"https://www.scopus.com/inward/record.uri?eid=2-s2.0-0035917603&doi=10.1016%2fS0141-9331%2801%2900105-3&partnerID=40&md5=869190dedf2a556fcb1da8a2ddba7f18","National Science Foundation","Final"
"Chakraborty S., Balasubramanian V., Panchanathan S.","Adaptive Batch Mode Active Learning",2015,29,"https://www.scopus.com/inward/record.uri?eid=2-s2.0-84937420560&doi=10.1109%2fTNNLS.2014.2356470&partnerID=40&md5=4189f4e0ae317d1eeeb2fbb83a7beb52","National Science Foundation","Final"
"Charaniya S., Mehra S., Lian W., Jayapal K.P., Karypis G., Hu W.-S.","Transcriptome dynamics-based operon prediction and verification in Streptomyces coelicolor",2007,29,"https://www.scopus.com/inward/record.uri?eid=2-s2.0-37548999354&doi=10.1093%2fnar%2fgkm501&partnerID=40&md5=2508214afda291e6b661339c21ce8fcb","National Science Foundation","Final"
"Mosenia A., Sur-Kolay S., Raghunathan A., Jha N.K.","CABA: Continuous Authentication Based on BioAura",2017,28,"https://www.scopus.com/inward/record.uri?eid=2-s2.0-85018499378&doi=10.1109%2fTC.2016.2622262&partnerID=40&md5=9d8313fb2100e61ed2e3a95f75fe5ff8","National Science Foundation

Princeton University","Final"
"Patra S., Bhardwaj K., Bruzzone L.","A spectral-spatial multicriteria active learning technique for hyperspectral image classification",2017,27,"https://www.scopus.com/inward/record.uri?eid=2-s2.0-85030633830&doi=10.1109%2fJSTARS.2017.2747600&partnerID=40&md5=ff18d6cff6a0cbceb4adbf094ed2d75c","European Commission

Science and Engineering Research Board

Deutsches Zentrum für Luft- und Raumfahrt

Tezpur University","Final"
"Burton E., Goldsmith J., Koenig S., Kuipers B., Mattei N., Walsh T.","Ethical considerations in artificial intelligence courses",2017,26,"https://www.scopus.com/inward/record.uri?eid=2-s2.0-85021657582&doi=10.1609%2faimag.v38i2.2731&partnerID=40&md5=7ccc30ffefbe36643a419c56be18559f","National Science Foundation

Horizon 2020 Framework Programme","Final"
"Collins C., Andrienko N., Schreck T., Yang J., Choo J., Engelke U., Jena A., Dwyer T.","Guidance in the human–machine analytics process",2018,25,"https://www.scopus.com/inward/record.uri?eid=2-s2.0-85066730342&doi=10.1016%2fj.visinf.2018.09.003&partnerID=40&md5=528019a866eae953bba2345547017de6","Natural Sciences and Engineering Research Council of Canada

European Commission","Final"
"Kadiyala M.D.M., Jones J.W., Mylavarapu R.S., Li Y.C., Reddy M.D.","Identifying irrigation and nitrogen best management practices for aerobic rice-maize cropping system for semi-arid tropics using CERES-rice and maize models",2015,25,"https://www.scopus.com/inward/record.uri?eid=2-s2.0-84910127380&doi=10.1016%2fj.agwat.2014.10.019&partnerID=40&md5=3e5ecfa0c3c4bbeab5ac61f592deb61e","National Science Foundation

U.S. Department of Agriculture

Indian Council of Agricultural Research","Final"
"Wang Y., Chen Y., Yang N., Zheng L., Dey N., Ashour A.S., Rajinikanth V., Tavares J.M.R.S., Shi F.","Classification of mice hepatic granuloma microscopic images based on a deep convolutional neural network",2019,24,"https://www.scopus.com/inward/record.uri?eid=2-s2.0-85055199280&doi=10.1016%2fj.asoc.2018.10.006&partnerID=40&md5=0cbca3a520cf8f4fe20237ee635c59f0","Natural Science Foundation of Zhejiang Province","Final"
"Ibrahim S., Chowriappa P., Dua S., Acharya U.R., Noronha K., Bhandary S., Mugasa H.","Classification of diabetes maculopathy images using data-adaptive neuro-fuzzy inference classifier",2015,24,"https://www.scopus.com/inward/record.uri?eid=2-s2.0-84948719894&doi=10.1007%2fs11517-015-1329-0&partnerID=40&md5=c835590e0e29bc119cdff16e49f9106e","National Center for Research Resources","Final"
"Saha I., Sarkar J.P., Maulik U.","Ensemble based rough fuzzy clustering for categorical data",2015,24,"https://www.scopus.com/inward/record.uri?eid=2-s2.0-84922720073&doi=10.1016%2fj.knosys.2015.01.008&partnerID=40&md5=49cf879ad3af111a5ef0ee9d1608feb7","Seventh Framework Programme

Seventh Framework Programme","Final"
"Ganapathiraju M., Balakrishnan N., Reddy R., Klein-Seetharaman J.","Transmembrane helix prediction using amino acid property features and latent semantic analysis",2008,24,"https://www.scopus.com/inward/record.uri?eid=2-s2.0-84872004750&doi=10.1186%2f1471-2105-9-S1-S4&partnerID=40&md5=c424c1ffc8af66c2323abd2d9cd76b66","National Science Foundation

U.S. National Library of Medicine","Final"
"Gao Y., Wang J., Wu W., Sangaiah A.K., Lim S.-J.","A hybrid method for mobile agent moving trajectory scheduling using ACO and PSO in WSNs",2019,23,"https://www.scopus.com/inward/record.uri?eid=2-s2.0-85060913419&doi=10.3390%2fs19030575&partnerID=40&md5=411d853a3115e03427541f0e3083f298","National Natural Science Foundation of China","Final"
"Raji C.G., Vinod Chandra S.S.","Long-Term Forecasting the Survival in Liver Transplantation Using Multilayer Perceptron Networks",2017,21,"https://www.scopus.com/inward/record.uri?eid=2-s2.0-85029213696&doi=10.1109%2fTSMC.2017.2661996&partnerID=40&md5=fa4b70d99d2d673edf258a4cf659a943","Health Resources and Services Administration","Final"
"Chattopadhyay P.B., Rangarajan R.","Application of ANN in sketching spatial nonlinearity of unconfined aquifer in agricultural basin",2014,20,"https://www.scopus.com/inward/record.uri?eid=2-s2.0-84889689361&doi=10.1016%2fj.agwat.2013.11.007&partnerID=40&md5=f2de26d8868434632305f615d2c91344","National Science Foundation

Council of Scientific and Industrial Research, India","Final"
"Wang S.-H., Govindaraj V.V., Górriz J.M., Zhang X., Zhang Y.-D.","Covid-19 classification by FGCNet with deep feature fusion from graph convolutional network and convolutional neural network",2021,19,"https://www.scopus.com/inward/record.uri?eid=2-s2.0-85094901078&doi=10.1016%2fj.inffus.2020.10.004&partnerID=40&md5=cea54d3aa79215fcae1f7c6371ef3f07","British Heart Foundation

Royal Society

Ministerio de Economía y Competitividad

Korean Foundation for Cancer Research

European Regional Development Fund","Final"
"Vijayanarasimhan S., Jain P., Grauman K.","Hashing hyperplane queries to near points with applications to large-scale active learning",2014,18,"https://www.scopus.com/inward/record.uri?eid=2-s2.0-84891590366&doi=10.1109%2fTPAMI.2013.121&partnerID=40&md5=f1b0db9aac571cd90f767763bc17b720",,"Final"
"Firoz A., Malik A., Joplin K.H., Ahmad Z., Jha V., Ahmad S.","Residue propensities, discrimination and binding site prediction of adenine and guanine phosphates",2011,17,"https://www.scopus.com/inward/record.uri?eid=2-s2.0-79955829108&doi=10.1186%2f1471-2091-12-20&partnerID=40&md5=ea3f128b80be1d9d00e2fd800c207011","National Institute of General Medical Sciences

Japan Society for the Promotion of Science","Final"
"Tsai Y.-S., Lin C.-T., Tseng G.C., Chung I.-F., Pal N.R.","Discovery of dominant and dormant genes from expression data using a novel generalization of SNR for multi-class problems",2008,17,"https://www.scopus.com/inward/record.uri?eid=2-s2.0-58149510473&doi=10.1186%2f1471-2105-9-425&partnerID=40&md5=44cfeba11b748e009f69ce8cfbf52822","National Center for Advancing Translational Sciences","Final"
"Bhargava B., Jenamani M., Zhong Y.","Counteracting shill bidding in online english auction",2005,16,"https://www.scopus.com/inward/record.uri?eid=2-s2.0-21144434054&doi=10.1142%2fS0218843005001158&partnerID=40&md5=4fbb1de8a954ae17a2bf2bbde8e7d7f3","National Science Foundation","Final"
"Matsuda N., Yarzebinski E., Keiser V., Raizada R., Stylianides G.J., Koedinger K.R.","Studying the effect of a competitive game show in a learning by teaching environment",2013,15,"https://www.scopus.com/inward/record.uri?eid=2-s2.0-84902484678&doi=10.1007%2fs40593-013-0009-1&partnerID=40&md5=83f2d66eb94c5c2ac523d7df405cac02","National Science Foundation

Carnegie Mellon University

Institute of Education Sciences

U.S. Department of Education","Final"
"Li B., He M., Wu W., Sangaiah A.K., Jeon G.","Computation offloading algorithm for arbitrarily divisible applications in mobile edge computing environments: An OCR case",2018,14,"https://www.scopus.com/inward/record.uri?eid=2-s2.0-85046998003&doi=10.3390%2fsu10051611&partnerID=40&md5=b71075f65e614d519598b19f83fe3013","National Natural Science Foundation of China","Final"
"Zheng H.-T., Wang W., Chen W., Sangaiah A.K.","Automatic Generation of News Comments Based on Gated Attention Neural Networks",2017,14,"https://www.scopus.com/inward/record.uri?eid=2-s2.0-85035811477&doi=10.1109%2fACCESS.2017.2774839&partnerID=40&md5=ceed9ea57835db72466bcb0999421385","National Natural Science Foundation of China

Natural Science Foundation of Guangdong Province

Tsinghua University","Final"
"Liang W., Tang M., Jing L., Sangaiah A.K., Huang Y.","SIRSE: A secure identity recognition scheme based on electroencephalogram data with multi-factor feature",2018,12,"https://www.scopus.com/inward/record.uri?eid=2-s2.0-85019075155&doi=10.1016%2fj.compeleceng.2017.05.001&partnerID=40&md5=5f392f8264b2419b69e519d15fb6475d","National Natural Science Foundation of China

Hunan Provincial Science and Technology Department

Hunan University of Science and Technology","Final"
"Ranjan J., Patra K., Szalay T., Mia M., Gupta M.K., Song Q., Krolczyk G., Chudy R., Pashnyov V.A., Pimenov D.Y.","Artificial intelligence-based hole quality prediction in micro-drilling using multiple sensors",2020,11,"https://www.scopus.com/inward/record.uri?eid=2-s2.0-85079300620&doi=10.3390%2fs20030885&partnerID=40&md5=b918d69ad46526c1ff6ce8379c7285f7","National Institutes of Health

Department of Science and Technology, Ministry of Science and Technology, India","Final"
"Li Z., Janardhanan M.N., Ashour A.S., Dey N.","Mathematical models and migrating birds optimization for robotic U-shaped assembly line balancing problem",2019,11,"https://www.scopus.com/inward/record.uri?eid=2-s2.0-85059277017&doi=10.1007%2fs00521-018-3957-4&partnerID=40&md5=4f357aac5458110cb5420751c1d51736","National Natural Science Foundation of China

China Postdoctoral Science Foundation","Final"
"Jha R., Chakraborti N., Diercks D.R., Stebner A.P., Ciobanu C.V.","Combined machine learning and CALPHAD approach for discovering processing-structure relationships in soft magnetic alloys",2018,11,"https://www.scopus.com/inward/record.uri?eid=2-s2.0-85045452892&doi=10.1016%2fj.commatsci.2018.04.008&partnerID=40&md5=8431777223a2df34361a74abb09d6b9d","National Science Foundation","Final"
"Naslund J.A., Gonsalves P.P., Gruebner O., Pendse S.R., Smith S.L., Sharma A., Raviola G.","Digital Innovations for Global Mental Health: Opportunities for Data Science, Task Sharing, and Early Intervention",2019,10,"https://www.scopus.com/inward/record.uri?eid=2-s2.0-85073973806&doi=10.1007%2fs40501-019-00186-8&partnerID=40&md5=8a7b1656c9ac7cbc39f4ee35635510e8","National Institute of Mental Health","Final"
"Patro K.K., Kumar P.R.","Machine learning classification approaches for biometric recognition system using ECG signals",2017,9,"https://www.scopus.com/inward/record.uri?eid=2-s2.0-85040222559&doi=10.25103%2fjestr.106.01&partnerID=40&md5=af7d31b0b5314f5e9406bb88ae57b327","National Institute of General Medical Sciences

National Institute of Biomedical Imaging and Bioengineering","Final"
"Li G., Kumar D., Samui P., Rad H.N., Roy B., Hasanipanah M.","Developing a new computational intelligence approach for approximating the blast-induced ground vibration",2020,8,"https://www.scopus.com/inward/record.uri?eid=2-s2.0-85081205550&doi=10.3390%2fapp10020434&partnerID=40&md5=d3c286da569785c4603558fdfc349f5f","National Natural Science Foundation of China

National Basic Research Program of China (973 Program)","Final"
"Kargupta H., Bandyopadhyay S.","A perspective on the foundation and evolution of the linkage learning genetic algorithms",2000,8,"https://www.scopus.com/inward/record.uri?eid=2-s2.0-0033728731&doi=10.1016%2fS0045-7825%2899%2900387-4&partnerID=40&md5=4a92a8e19c62a31b2ca0b0a336db25b2","National Science Foundation

Air Force Office of Scientific Research

U.S. Army","Final"
"Lv Z., Han Y., Singh A.K., Manogaran G., Lv H.","Trustworthiness in Industrial IoT Systems Based on Artificial Intelligence",2021,7,"https://www.scopus.com/inward/record.uri?eid=2-s2.0-85096654341&doi=10.1109%2fTII.2020.2994747&partnerID=40&md5=8a2ae8aea5735fc37f1184bbfee2f193","National Natural Science Foundation of China

Major Scientific and Technological Innovation Project of Shandong Province

Key Research and Development Plan of Tianjin","Final"
"Band S.S., Janizadeh S., Pal S.C., Saha A., Chakrabortty R., Melesse A.M., Mosavi A.","Flash flood susceptibility modeling using new approaches of hybrid and ensemble tree-based machine learning algorithms",2020,6,"https://www.scopus.com/inward/record.uri?eid=2-s2.0-85094912774&doi=10.3390%2frs12213568&partnerID=40&md5=4da19e0336b1af104b7fbf588a637b51","European Commission","Final"
"Gao Y., Wang J., Wu W., Sangaiah A.K., Lim S.-J.","Travel route planning with optimal coverage in difficult wireless sensor network environment",2019,6,"https://www.scopus.com/inward/record.uri?eid=2-s2.0-85065088931&doi=10.3390%2fs19081838&partnerID=40&md5=1fd0b9d7802e7417e9f1bf98a1ab5d50","National Natural Science Foundation of China","Final"
"Petit J., Roura S., Carmona J., Cortadella J., Duch J., Giménez O., Mani A., Mas J., Rodríguez-Carbonell E., Rubio E., De San Pedro E., Venkataramani D.","Jutge.org: Characteristics and Experiences",2018,6,"https://www.scopus.com/inward/record.uri?eid=2-s2.0-85023158566&doi=10.1109%2fTLT.2017.2723389&partnerID=40&md5=689c55f5d49d43d753663bb4248a311d","European Commission

Generalitat de Catalunya

Ministerio de Economía y Competitividad

European Regional Development Fund","Final"
"Khan S., Zafar N., Khan S.S., Setua S., Behrman S.W., Stiles Z.E., Yallapu M.M., Sahay P., Ghimire H., Ise T., Nagata S., Wang L., Wan J.Y., Pradhan P., Jaggi M., Chauhan S.C.","Clinical significance of MUC13 in pancreatic ductal adenocarcinoma",2018,6,"https://www.scopus.com/inward/record.uri?eid=2-s2.0-85040511795&doi=10.1016%2fj.hpb.2017.12.003&partnerID=40&md5=5fb969103531d4986621d46abbe870d5","National Institutes of Health

U.S. Department of Defense

National Cancer Institute

National Institute of Biomedical Imaging and Bioengineering

Health Science Center, University of Tennessee

University of Memphis

Herb Kosten Foundation

Japan Society for the Promotion of Science","Final"
"Qu T., Zhang J.H., Chan F.T.S., Srivastava R.S., Tiwari M.K., Park W.-Y.","Demand prediction and price optimization for semi-luxury supermarket segment",2017,6,"https://www.scopus.com/inward/record.uri?eid=2-s2.0-85029546623&doi=10.1016%2fj.cie.2017.09.004&partnerID=40&md5=07d65bd0bca478f3f7e38ae57d853ecb","Shandong University

National Natural Science Foundation of China

Hong Kong Polytechnic University","Final"
"Babič M., Hluchy L., Krammer P., Matovič B., Kumar R., Kovač P.","New method for constructing a visibility graph-network in 3D space and a new hybrid system of modeling",2017,6,"https://www.scopus.com/inward/record.uri?eid=2-s2.0-85044331619&doi=10.4149%2fcai_2017_5_1107&partnerID=40&md5=3b883ca10a6444adb8a75fea8366f732","Horizon 2020 Framework Programme

Vedecká Grantová Agentúra MŠVVaŠ SR a SAV","Final"
"Prabhu Gaonkar R.S., Xie M., Huang H.-Z.","Optimizing maritime travel time reliability",2013,6,"https://www.scopus.com/inward/record.uri?eid=2-s2.0-84880283336&doi=10.1177%2f1475090212460626&partnerID=40&md5=aacce922c4fdd8a8651b9cb931623bec","City University of Hong Kong

Agency for Science, Technology and Research

National Natural Science Foundation of China

Ministerstwo Nauki i Szkolnictwa Wyższego

Science and Engineering Research Council","Final"
"Ukil A., Jara A.J., Marin L.","Data-driven automated cardiac health management with robust edge analytics and de-risking",2019,5,"https://www.scopus.com/inward/record.uri?eid=2-s2.0-85068462624&doi=10.3390%2fs19122733&partnerID=40&md5=4de7da964a8ec52ead502ced3e04de42","Horizon 2020 Framework Programme","Final"
"Dawson-Elli N., Kolluri S., Mitra K., Subramanian V.R.","On the creation of a chess-ai-inspired problem-specific optimizer for the pseudo two-dimensional battery model using neural networks",2019,5,"https://www.scopus.com/inward/record.uri?eid=2-s2.0-85066616491&doi=10.1149%2f2.1261904jes&partnerID=40&md5=f21f7e34a73b050341abaad83a86adcc","National Science Foundation

U.S. Department of Energy

National Sleep Foundation

Water Research Foundation

Office of Energy Efficiency and Renewable Energy

University of Washington","Final"
"Iyengar S., Sharma N., Irwin D., Shenoy P., Ramamritham K.","A cloud-based black-box solar predictor for smart homes",2017,5,"https://www.scopus.com/inward/record.uri?eid=2-s2.0-85050453281&doi=10.1145%2f3004056&partnerID=40&md5=f08da916f72cff55695c1068953604c0","National Science Foundation","Final"
"Shiva Kumar H., Krishnamoorthy C.S., Rajagopalan N.","A process model for knowledge-based concrete bridge design",1995,5,"https://www.scopus.com/inward/record.uri?eid=2-s2.0-0029356394&doi=10.1016%2f0952-1976%2895%2900019-W&partnerID=40&md5=0e89fa5412104b317b66e1909ceba3f6","Carnegie Mellon University

National Science Foundation","Final"
"Zhang Z., Jing J., Wang X., Choo K.-K.R., Gupta B.B.","A crowdsourcing method for online social networks security assessment based on human-centric computing",2020,4,"https://www.scopus.com/inward/record.uri?eid=2-s2.0-85086002889&doi=10.1186%2fs13673-020-00230-0&partnerID=40&md5=789f29e52d021ea1b8a8e5505319cd09","National Natural Science Foundation of China

Henan Province Science and Technology Innovation Talent Program","Final"
"Kudva V., Prasad K., Guruvare S.","Hybrid Transfer Learning for Classification of Uterine Cervix Images for Cervical Cancer Screening",2020,4,"https://www.scopus.com/inward/record.uri?eid=2-s2.0-85076884393&doi=10.1007%2fs10278-019-00269-1&partnerID=40&md5=f41ed012a5ab596e329f82648899e45a","National Cancer Institute

United States Agency for International Development

Massachusetts General Hospital

Division of Cancer Epidemiology and Genetics, National Cancer Institute","Final"
"Hanawal M.K., Liu H., Zhu H., Paschalidis I.C.","Learning Policies for Markov Decision Processes from Data",2019,4,"https://www.scopus.com/inward/record.uri?eid=2-s2.0-85052719665&doi=10.1109%2fTAC.2018.2866455&partnerID=40&md5=8c54c1a2cd2b558ce69b15451d276cdc","National Science Foundation

Office of Naval Research

Army Research Office

Department of Science and Technology, Ministry of Science and Technology, India","Final"
"Mostafaeipour A., Fakhrzad M.B., Gharaat S., Jahangiri M., Dhanraj J.A., Band S.S., Issakhov A., Mosavi A.","Machine learning for prediction of energy in wheat production",2020,3,"https://www.scopus.com/inward/record.uri?eid=2-s2.0-85094821186&doi=10.3390%2fagriculture10110517&partnerID=40&md5=32341caae02c1447241a28fa5e9bd25e","European Commission","Final"
"Zheng H.-T., Wang Z., Ma N., Chen J., Xiao X., Sangaiah A.K.","Weakly-supervised image captioning based on rich contextual information",2018,3,"https://www.scopus.com/inward/record.uri?eid=2-s2.0-85029908920&doi=10.1007%2fs11042-017-5236-2&partnerID=40&md5=536938a12510c8bcd6b4f4d5ae54ab33","National Natural Science Foundation of China

Natural Science Foundation of Guangdong Province

Tsinghua University","Final"
"Singh R., Ortega A.","Reduced-complexity delayed-decision algorithm for context-based image processing systems",2007,3,"https://www.scopus.com/inward/record.uri?eid=2-s2.0-34547750332&doi=10.1109%2fTIP.2007.901246&partnerID=40&md5=e475a5c3f7dc35bbde044003dde68a81","National Science Foundation","Final"
"Peng X., Krishankumar R., Ravichandran K.S.","A novel interval-valued fuzzy soft decision-making method based on CoCoSo and CRITIC for intelligent healthcare management evaluation",2021,2,"https://www.scopus.com/inward/record.uri?eid=2-s2.0-85098945552&doi=10.1007%2fs00500-020-05437-y&partnerID=40&md5=dec1d8683dfb8cd5c530d7e124ac2f46","National Natural Science Foundation of China

Natural Science Foundation of Guangdong Province","Final"
"Khan A., Li J.-P., Khan M.Y., Alam R.","Complex environment perception and positioning based visual information retrieval",2020,2,"https://www.scopus.com/inward/record.uri?eid=2-s2.0-85091755799&doi=10.1007%2fs41870-020-00434-8&partnerID=40&md5=90456d2200dbe6738071e1c0c16dacaf","National Natural Science Foundation of China","Final"
"Das G.P., Vance P.J., Kerr D., Coleman S.A., McGinnity T.M., Liu J.K.","Computational modelling of salamander retinal ganglion cells using machine learning approaches",2019,2,"https://www.scopus.com/inward/record.uri?eid=2-s2.0-85055136867&doi=10.1016%2fj.neucom.2018.10.004&partnerID=40&md5=a7f19078126a83e4e11e347e3dd7539b","Seventh Framework Programme

Engineering and Physical Sciences Research Council

Leverhulme Trust

Nuffield Foundation

Seventh Framework Programme","Final"
"Cormode G., Dasgupta A., Goyal A., Lee C.H.","An evaluation of multi-probe locality sensitive hashing for computing similarities over web-scale query logs",2018,2,"https://www.scopus.com/inward/record.uri?eid=2-s2.0-85040791204&doi=10.1371%2fjournal.pone.0191175&partnerID=40&md5=4e8effb983f7f608b9d4d9b3389dc643","Horizon 2020 Framework Programme

European Research Council","Final"
"Jiang D., Zhou W.-H., Garg A., Garg A.","Model development and surface analysis of a bio-chemical process",2016,2,"https://www.scopus.com/inward/record.uri?eid=2-s2.0-84978954637&doi=10.1016%2fj.chemolab.2016.07.010&partnerID=40&md5=136ae5ae92a08b6597b1c476707d7e61","Shantou University

National Natural Science Foundation of China

Universidade de Macau

Fundo para o Desenvolvimento das Ciências e da Tecnologia","Final"
"Campbell J.P., Singh P., Redd T.K., Brown J.M., Shah P.K., Subramanian P., Rajan R., Valikodath N., Cole E., Ostmo S., Chan R.V.P., Venkatapathy N., Chiang M.F., Kalpathy-Cramer J.","Applications of artificial intelligence for retinopathy of prematurity screening",2021,1,"https://www.scopus.com/inward/record.uri?eid=2-s2.0-85102538254&doi=10.1542%2fPEDS.2020-016618&partnerID=40&md5=3a8dea6c51363c12c08e162f52447e08","National Science Foundation

National Institutes of Health

Research to Prevent Blindness","Final"
"Jamthikar A.D., Gupta D., Johri A.M., Mantella L.E., Saba L., Kolluri R., Sharma A.M., Viswanathan V., Nicolaides A., Suri J.S.","Low-Cost Office-Based Cardiovascular Risk Stratification Using Machine Learning and Focused Carotid Ultrasound in an Asian-Indian Cohort",2020,1,"https://www.scopus.com/inward/record.uri?eid=2-s2.0-85095851757&doi=10.1007%2fs10916-020-01675-7&partnerID=40&md5=8ee0d68528bb6bc3e34e13d020666c91","Division of Human Resource Development

Baylor College of Medicine

Ministry of Human Resource Development","Final"
"Baczyński M., Jayaram B., Mesiar R.","Fuzzy implications: alpha migrativity and generalised laws of importation",2020,1,"https://www.scopus.com/inward/record.uri?eid=2-s2.0-85084478109&doi=10.1016%2fj.ins.2020.04.033&partnerID=40&md5=cf2144d0241babb2a3938e1efc80b121","Grantová Agentura České Republiky

Ministerstvo školstva, vedy, výskumu a športu Slovenskej republiky

Narodowe Centrum Nauki

European Regional Development Fund","Final"
"Chaudhuri S., Ritchie D., Wu J., Xu K., Zhang H.","Learning Generative Models of 3D Structures",2020,1,"https://www.scopus.com/inward/record.uri?eid=2-s2.0-85087779716&doi=10.1111%2fcgf.14020&partnerID=40&md5=577be31320b3942cb5aa92b0404f40cb","National Science Foundation

National Natural Science Foundation of China","Final"
"Liu T., Zhu Y., Wang H., Balamurugan B., Vijayakumar P., Peng J.","Transformer anomaly detection based on time-frequency domain software-hardware cooperative analysis",2020,1,"https://www.scopus.com/inward/record.uri?eid=2-s2.0-85079066156&doi=10.1002%2fett.3865&partnerID=40&md5=ede9845693c9441d9ca6d0046abd6c5d","National Natural Science Foundation of China

Chinese Academy of Sciences","Article in Press"
"Venkatesh A.N.","Reimagining the future of healthcare industry through internet of medical things (IoMT), artificial intelligence (AI), machine learning (ML), big data, mobile apps and advanced sensors",2019,1,"https://www.scopus.com/inward/record.uri?eid=2-s2.0-85074607862&doi=10.35940%2fijeat.A1412.109119&partnerID=40&md5=50ab388a5912e28906daa9821629c391","National Science Foundation

Massachusetts Institute of Technology","Final"
"Qi R., Ji S., Shen J., Vijayakumar P., Kumar N.","Security preservation in industrial medical CPS using Chebyshev map: An AI approach",2021,,"https://www.scopus.com/inward/record.uri?eid=2-s2.0-85104076502&doi=10.1016%2fj.future.2021.03.008&partnerID=40&md5=3037142c75ae4bb897ad3110710820b5","Tata Consultancy Services

Department of Science and Technology, Ministry of Science and Technology, India

National Natural Science Foundation of China

University Grants Committee","Final"
"Wei F., Vijayakumar P., Kumar N., Zhang R., Cheng Q.","Privacy-preserving implicit authentication protocol using cosine similarity for internet of things",2021,,"https://www.scopus.com/inward/record.uri?eid=2-s2.0-85103326601&doi=10.1109%2fJIOT.2020.3031486&partnerID=40&md5=3abfe24c954bcad7c2cabe2c7a04b249","National Natural Science Foundation of China

Foundation of Science and Technology on Information Assurance Laboratory","Final"
"Banerjee S., Mohammed A., Wong H.R., Palaniyar N., Kamaleswaran R.","Machine Learning Identifies Complicated Sepsis Course and Subsequent Mortality Based on 20 Genes in Peripheral Blood Immune Cells at 24 H Post-ICU Admission",2021,,"https://www.scopus.com/inward/record.uri?eid=2-s2.0-85102354757&doi=10.3389%2ffimmu.2021.592303&partnerID=40&md5=844ea63c49cee82d557b47b6485dd412","National Institutes of Health

National Center for Advancing Translational Sciences","Final"
"Patel S., Khedkar V.N.","Diabetes Prediction using Machine learning: A Bibliometric Analysis",2021,,"https://www.scopus.com/inward/record.uri?eid=2-s2.0-85103635179&partnerID=40&md5=8ad9f9cf7df2913811fc648aa56dd77e","National Institutes of Health","Final"
"Patil A.B., Bachute M.","A Bibliometric Analysis of the Tea Quality Evaluation using Artificial Intelligence",2021,,"https://www.scopus.com/inward/record.uri?eid=2-s2.0-85103134166&partnerID=40&md5=90fa2d6f30397896264437bc756e8356","National Natural Science Foundation of China","Final"
"Wang S.-H., Govindaraj V., Gorriz J.M., Zhang X., Zhang Y.-D.","Explainable diagnosis of secondary pulmonary tuberculosis by graph rank-based average pooling neural network",2021,,"https://www.scopus.com/inward/record.uri?eid=2-s2.0-85102614119&doi=10.1007%2fs12652-021-02998-0&partnerID=40&md5=1454a5a01655e655fc23e5bfe789c9af","British Heart Foundation

Korean Foundation for Cancer Research

Ministerio de Economía y Competitividad

Royal Society

European Regional Development Fund","Article in Press"
"Sayyad S., Kumar S., Bongale A., Bongale A.M., Patil S.","Estimating Remaining Useful Life in Machines Using Artificial Intelligence: A Scoping Review",2021,,"https://www.scopus.com/inward/record.uri?eid=2-s2.0-85101123024&partnerID=40&md5=4424e0a32da137ff980614e5279ef7a0","National Science Foundation

National Natural Science Foundation of China

Fundamental Research Funds for the Central Universities","Final"
"Ravinder, Venugopal V., Bishnoi S., Singh S., Zaki M., Grover H.S., Bauchy M., Agarwal M., Krishnan N.M.A.","Artificial intelligence and machine learning in glass science and technology: 21 challenges for the 21st century",2021,,"https://www.scopus.com/inward/record.uri?eid=2-s2.0-85100885488&doi=10.1111%2fijag.15881&partnerID=40&md5=8cc09ca907f258d47571e6990d1b9a9c","National Science Foundation

Department of Science and Technology, Ministry of Science and Technology, India

Science and Engineering Research Board","Article in Press"
"Nandanwar L., Shivakumara P., Mondal P., Srinivas K., Raghunandan, Pal U., Lu T., Lopresti D.","Forged text detection in video, scene, and document images",2020,,"https://www.scopus.com/inward/record.uri?eid=2-s2.0-85103356834&doi=10.1049%2fiet-ipr.2020.0590&partnerID=40&md5=fd97503ff767e2f79233be40fdc5f500","National Natural Science Foundation of China

Universiti Malaya","Final"
"Aggrawal V., Dikid T., Jain S.K., Pandey A., Khasnobis P., Choudhary S., Chandra R., Patil A., Maramraj K.K., Talyan A., Singh A., Babu B.S., Kumar A., Kumar D., Raveesh P.M., Singh J., Kumar R., Qadri S.S., Madan P., Vardan V., Dzeyie K.A., Gupta G., Mishra A., Vaisakh T.P., Patel P., Jainul A., Kaur S., Shrivastava A., Dhuria M., Chauhan R., Singh S.K.","Disease surveillance during a large religious mass gathering in India: The Prayagraj Kumbh 2019 experience",2020,,"https://www.scopus.com/inward/record.uri?eid=2-s2.0-85094600517&doi=10.1016%2fj.ijid.2020.09.1424&partnerID=40&md5=25235b10010e1eee44a11f5437218487","Centers for Disease Control and Prevention","Final"
"Dong L., Guo Q., Wu W., Satpute M.N.","A semantic relatedness preserved subset extraction method for language corpora based on pseudo-Boolean optimization",2020,,"https://www.scopus.com/inward/record.uri?eid=2-s2.0-85088939955&doi=10.1016%2fj.tcs.2020.07.020&partnerID=40&md5=26d34d119eab1f0d324d6869be8f8882","National Science Foundation

Fundamental Research Funds for the Central Universities","Final"
"Mukherjee M., Matam R., Mavromoustakis C.X., Jiang H., Mastorakis G., Guo M.","Intelligent Edge Computing: Security and Privacy Challenges",2020,,"https://www.scopus.com/inward/record.uri?eid=2-s2.0-85092524517&doi=10.1109%2fMCOM.001.2000297&partnerID=40&md5=20fa71e66ac59a48ad8680efb759b933","Active and Assisted Living programme

National Natural Science Foundation of China

Research Promotion Foundation","Final"
"Kumar S., Bongale A., Patil S., Bongale A.M., Kamat P., Kotecha K.","Demystifying Artificial Intelligence based Digital Twins in Manufacturing- A Bibliometric Analysis of Trends and Techniques",2020,,"https://www.scopus.com/inward/record.uri?eid=2-s2.0-85098880876&partnerID=40&md5=8001b234d86e8b665d3c15ead0e47d2d","Horizon 2020 Framework Programme

National Natural Science Foundation of China

National Natural Science Foundation of China","Final"
"Pachouly J., Ahirrao S., Kotecha K.","A Bibliometric Survey on the Reliable Software Delivery Using Predictive Analysis",2020,,"https://www.scopus.com/inward/record.uri?eid=2-s2.0-85098480429&partnerID=40&md5=298f4f929d13d9d8df66663b82512643","National Key Research and Development Program of China

National Natural Science Foundation of China

National Natural Science Foundation of China

Natural Science Foundation of Jiangsu Province","Final"
"Shah A., Ahirrao S., Phansalkar S., Kotecha K.","A Bibliometric Survey of Smart Wearable in the Health Insurance Industry",2020,,"https://www.scopus.com/inward/record.uri?eid=2-s2.0-85098210215&partnerID=40&md5=84474bd400ee999596509df94a8a6d0b","National Science Foundation

National Natural Science Foundation of China","Final"
"Cavichini M., An C., Bartsch D.-U.G., Jhingan M., Amador-Patarroyo M.J., Long C.P., Zhang J., Wang Y., Chan A.X., Madala S., Nguyen T., Freeman W.R.","Artificial intelligence for automated overlay of fundus camera and scanning laser ophthalmoscope images",2020,,"https://www.scopus.com/inward/record.uri?eid=2-s2.0-85097425117&doi=10.1167%2ftvst.9.2.56&partnerID=40&md5=5282d25b7bc073d7e6607017c40699d5","National Eye Institute

Research to Prevent Blindness

University of California, San Diego

National Institutes of Health","Final"
"Sharma R., Chelladurai I., Orme A.D., Miles M.P., Giraud-Carrier C., Fullwood D.T.","A step towards intelligent EBSD microscopy: machine-learning prediction of twin activity in MgAZ31",2018,,"https://www.scopus.com/inward/record.uri?eid=2-s2.0-85052566178&doi=10.1111%2fjmi.12748&partnerID=40&md5=e778c9a1af8fb9328a926f30983db247","National Science Foundation","Final"
