﻿Authors,Title,Year,Cited by,Link,Funding Details,Publication Stage
"Chang F., Dell G.S., Bock K.","Becoming syntactic",2006,563,"https://www.scopus.com/inward/record.uri?eid=2-s2.0-33744529877&doi=10.1037%2f0033-295X.113.2.234&partnerID=40&md5=a7b2648ddf0964a8350d8910e356e243","Eunice Kennedy Shriver National Institute of Child Health and Human Development","Final"
"Celebi M.E., Kingravi H.A., Uddin B., Iyatomi H., Aslandogan Y.A., Stoecker W.V., Moss R.H.","A methodological approach to the classification of dermoscopy images",2007,396,"https://www.scopus.com/inward/record.uri?eid=2-s2.0-34447251296&doi=10.1016%2fj.compmedimag.2007.01.003&partnerID=40&md5=5c5894765af35c2a5d99d6b35e2db5c9","National Science Foundation

National Institutes of Health

National Cancer Institute

Small Business Innovation Research

Texas Workforce Commission","Final"
"Celebi M.E., Iyatomi H., Schaefer G., Stoecker W.V.","Lesion border detection in dermoscopy images",2009,297,"https://www.scopus.com/inward/record.uri?eid=2-s2.0-58149164864&doi=10.1016%2fj.compmedimag.2008.11.002&partnerID=40&md5=0e4ad76936ed8556d8f532e84962528f","National Institutes of Health

National Cancer Institute

Small Business Innovation Research

Louisiana Board of Regents","Final"
"Huang C., Ai H., Li Y., Lao S.","High-performance rotation invariant multiview face detection",2007,284,"https://www.scopus.com/inward/record.uri?eid=2-s2.0-33947536269&doi=10.1109%2fTPAMI.2007.1011&partnerID=40&md5=66a1f82236767682bb5ff21c23788479","OMRON Corporation

National Natural Science Foundation of China

National Key Research and Development Program of China","Final"
"Celebi M.E., Kingravi H.A., Iyatomi H., Aslandogan Y.A., Stoecker W.V., Moss R.H., Malters J.M., Grichnik J.M., Marghoob A.A., Rabinovitz H.S., Menzies S.W.","Border detection in dermoscopy images using statistical region merging",2008,241,"https://www.scopus.com/inward/record.uri?eid=2-s2.0-48249158393&doi=10.1111%2fj.1600-0846.2008.00301.x&partnerID=40&md5=9ebf2b22c199237f8f124698540e2208","National Cancer Institute","Final"
"Li Q., Meng Q., Cai J., Yoshino H., Mochida A.","Predicting hourly cooling load in the building: A comparison of support vector machine and different artificial neural networks",2009,217,"https://www.scopus.com/inward/record.uri?eid=2-s2.0-56049088473&doi=10.1016%2fj.enconman.2008.08.033&partnerID=40&md5=4a98cd311635764eaa21357c1a68d66f","National Natural Science Foundation of China

China Scholarship Council","Final"
"Yu L., Wang S., Lai K.K.","A novel nonlinear ensemble forecasting model incorporating GLAR and ANN for foreign exchange rates",2005,198,"https://www.scopus.com/inward/record.uri?eid=2-s2.0-13544270843&doi=10.1016%2fj.cor.2004.06.024&partnerID=40&md5=7dc678043c6f2ec7c70b6094e4a58ff0","City University of Hong Kong

Japan Society for the Promotion of Science

National Natural Science Foundation of China

Chinese Academy of Sciences","Final"
"Rzhetsky A., Iossifov I., Koike T., Krauthammer M., Kra P., Morris M., Yu H., Duboué P.A., Weng W., Wilbur W.J., Hatzivassiloglou V., Friedman C.","GeneWays: A system for extracting, analyzing, visualizing, and integrating molecular pathway data",2004,198,"https://www.scopus.com/inward/record.uri?eid=2-s2.0-12144290446&doi=10.1016%2fj.jbi.2003.10.001&partnerID=40&md5=9f19a2e1c64b49cec8268682d727c97a","National Science Foundation

National Institutes of Health

U.S. Department of Energy

National Institute of General Medical Sciences

U.S. National Library of Medicine","Final"
"Li Y., Ai H., Yamashita T., Lao S., Kawade M.","Tracking in low frame rate video: A cascade particle filter with discriminative observers of different life spans",2008,193,"https://www.scopus.com/inward/record.uri?eid=2-s2.0-50249113689&doi=10.1109%2fTPAMI.2008.73&partnerID=40&md5=dfc19ce42c58065ae44c8a48a31948dc","National Natural Science Foundation of China

National Key Research and Development Program of China","Final"
"Dong Y., Zha Q., Zhang H., Kou G., Fujita H., Chiclana F., Herrera-Viedma E.","Consensus reaching in social network group decision making: Research paradigms and challenges",2018,192,"https://www.scopus.com/inward/record.uri?eid=2-s2.0-85049619965&doi=10.1016%2fj.knosys.2018.06.036&partnerID=40&md5=acc63b8256d8ac84dcb9f3be828c7342","National Natural Science Foundation of China

Ministerio de Economía y Competitividad

Sichuan University

European Regional Development Fund","Final"
"Suzuki K., Li F., Sone S., Doi K.","Computer-aided diagnostic scheme for distinction between benign and malignant nodules in thoracic low-dose CT by use of massive training artificial neural network",2005,186,"https://www.scopus.com/inward/record.uri?eid=2-s2.0-25144514408&doi=10.1109%2fTMI.2005.852048&partnerID=40&md5=45775ea2b5b78c988a7ab240f937d005","National Cancer Institute

U.S. Public Health Service","Final"
"Wu J., Chiclana F., Fujita H., Herrera-Viedma E.","A visual interaction consensus model for social network group decision making with trust propagation",2017,182,"https://www.scopus.com/inward/record.uri?eid=2-s2.0-85011271331&doi=10.1016%2fj.knosys.2017.01.031&partnerID=40&md5=8c95a53a0e9fe292169472183a045935","National Natural Science Foundation of China

Natural Science Foundation of Zhejiang Province

European Regional Development Fund","Final"
"Conry S.E., Meyer R.A., Kuwabara K., Lesser V.R.","Multistage negotiation for distributed constraint satisfaction",1991,143,"https://www.scopus.com/inward/record.uri?eid=2-s2.0-0026258186&doi=10.1109%2f21.135689&partnerID=40&md5=e02900461eda4887de296a34aa982096","National Science Foundation

U.S. Department of Defense

Office of Naval Research

Air Force Office of Scientific Research

Defense Advanced Research Projects Agency

Air Force Materiel Command

Naval Medical Research Unit and Molecular Bioeffects, Wright-Patterson Air Force Base

Center for Ecological Research, Kyoto University","Final"
"Romera M., Talatchian P., Tsunegi S., Abreu Araujo F., Cros V., Bortolotti P., Trastoy J., Yakushiji K., Fukushima A., Kubota H., Yuasa S., Ernoult M., Vodenicarevic D., Hirtzlin T., Locatelli N., Querlioz D., Grollier J.","Vowel recognition with four coupled spin-torque nano-oscillators",2018,127,"https://www.scopus.com/inward/record.uri?eid=2-s2.0-85056119740&doi=10.1038%2fs41586-018-0632-y&partnerID=40&md5=83432190869c6289d010b2b5ab0a0c3d","Horizon 2020 Framework Programme

Agence Nationale de la Recherche","Final"
"Gou L., Luh P.B., Kyoya Y.","Holonic manufacturing scheduling: Architecture, cooperation mechanism, and implementation",1998,124,"https://www.scopus.com/inward/record.uri?eid=2-s2.0-0032202838&doi=10.1016%2fS0166-3615%2898%2900100-6&partnerID=40&md5=ae6c5b52ea7f58f4731e7d28cebdf745","National Science Foundation

University of Connecticut

United Technologies Research Center","Final"
"Dou J., Yunus A.P., Tien Bui D., Merghadi A., Sahana M., Zhu Z., Chen C.-W., Khosravi K., Yang Y., Pham B.T.","Assessment of advanced random forest and decision tree algorithms for modeling rainfall-induced landslide susceptibility in the Izu-Oshima Volcanic Island, Japan",2019,123,"https://www.scopus.com/inward/record.uri?eid=2-s2.0-85060476790&doi=10.1016%2fj.scitotenv.2019.01.221&partnerID=40&md5=38a323d65b53a180e90be6492ca9f123","National Natural Science Foundation of China","Final"
"He Z., Xie S., Zdunek R., Zhou G., Cichocki A.","Symmetric nonnegative matrix factorization: Algorithms and applications to probabilistic clustering",2011,114,"https://www.scopus.com/inward/record.uri?eid=2-s2.0-83855161608&doi=10.1109%2fTNN.2011.2172457&partnerID=40&md5=8b430a6196cbc7b4b3d23feda2d8a431","National Natural Science Foundation of China

Natural Science Foundation of Guangdong Province","Final"
"Asada N., Doi K., MacMahon H., Montner S.M., Giger M.L., Abe C., Wu Y.","Potential usefulness of an artificial neural network for differential diagnosis of interstitial lung diseases: Pilot study",1990,114,"https://www.scopus.com/inward/record.uri?eid=2-s2.0-0025224132&doi=10.1148%2fradiology.177.3.2244001&partnerID=40&md5=2537fa29e9e73a93316404717766e06d","National Cancer Institute","Final"
"Liu H., Motoda H., Yu L.","A selective sampling approach to active feature selection",2004,113,"https://www.scopus.com/inward/record.uri?eid=2-s2.0-4644347255&doi=10.1016%2fj.artint.2004.05.009&partnerID=40&md5=94ce8317a6f4dee2c5a58ff49d2395d2","National Science Foundation

Ministry of Education, Culture, Sports, Science and Technology","Final"
"Yu L., Yue W., Wang S., Lai K.K.","Support vector machine based multiagent ensemble learning for credit risk evaluation",2010,104,"https://www.scopus.com/inward/record.uri?eid=2-s2.0-71749114830&doi=10.1016%2fj.eswa.2009.06.083&partnerID=40&md5=7d7615c019286587e49a2f1c1f8d7e64","National Natural Science Foundation of China

Chinese Academy of Sciences","Final"
"Celebi M.E., Iyatomi H., Stoecker W.V., Moss R.H., Rabinovitz H.S., Argenziano G., Soyer H.P.","Automatic detection of blue-white veil and related structures in dermoscopy images",2008,104,"https://www.scopus.com/inward/record.uri?eid=2-s2.0-55649105845&doi=10.1016%2fj.compmedimag.2008.08.003&partnerID=40&md5=a7b47a30f2b26ddaaf9edb93c9252b9c","National Science Foundation

National Institutes of Health

National Cancer Institute

Small Business Innovation Research

Texas Workforce Commission","Final"
"Yabuuchi H., Niijima S., Takematsu H., Ida T., Hirokawa T., Hara T., Ogawa T., Minowa Y., Tsujimoto G., Okuno Y.","Analysis of multiple compound-protein interactions reveals novel bioactive molecules",2011,100,"https://www.scopus.com/inward/record.uri?eid=2-s2.0-79952345084&doi=10.1038%2fmsb.2011.5&partnerID=40&md5=5d5a491202b94f1ee104ee529e336108","National Science Foundation","Final"
"Nakanishi J., Schaal S.","Feedback error learning and nonlinear adaptive control",2004,100,"https://www.scopus.com/inward/record.uri?eid=2-s2.0-8444251345&doi=10.1016%2fj.neunet.2004.05.003&partnerID=40&md5=2c47fac69c7d088431b669de6ec62ab7","National Science Foundation

National Aeronautics and Space Administration

Air Force Office of Scientific Research

Japan Science and Technology Agency","Final"
"Kuroki N., Wang P.P.","The lower and upper approximations in a fuzzy group",1996,97,"https://www.scopus.com/inward/record.uri?eid=2-s2.0-0030127824&doi=10.1016%2f0020-0255%2895%2900282-0&partnerID=40&md5=9e999bd0f383e567e395c46ab8416ed1","National Science Foundation

Central Research Institute of Electric Power Industry","Final"
"Karanov B., Chagnon M., Thouin F., Eriksson T.A., Bulow H., Lavery D., Bayvel P., Schmalen L.","End-to-End Deep Learning of Optical Fiber Communications",2018,95,"https://www.scopus.com/inward/record.uri?eid=2-s2.0-85052575109&doi=10.1109%2fJLT.2018.2865109&partnerID=40&md5=21ea8eb8d6c3234c90c21b62815a3847","Horizon 2020 Framework Programme

Engineering and Physical Sciences Research Council","Final"
"Slavakis K., Theodoridis S., Yamada I.","Online kernel-based classification using adaptive projection algorithms",2008,94,"https://www.scopus.com/inward/record.uri?eid=2-s2.0-46749118074&doi=10.1109%2fTSP.2008.917376&partnerID=40&md5=d986a82b171cd933c5f3544f30345036","European Social Fund","Final"
"Shaker N., Togelius J., Yannakakis G.N., Weber B., Shimizu T., Hashiyama T., Sorenson N., Pasquier P., Mawhorter P., Takahashi G., Smith G., Baumgarten R.","The 2010 mario ai championship: Level generation track",2011,93,"https://www.scopus.com/inward/record.uri?eid=2-s2.0-83655183706&doi=10.1109%2fTCIAIG.2011.2166267&partnerID=40&md5=0181f75fc24dca03c78cd9c98f6045aa","Seventh Framework Programme

FP7 Information and Communication Technologies","Final"
"Xing J., Ai H., Liu L., Lao S.","Multiple player tracking in sports video: A dual-mode two-way Bayesian inference approach with progressive observation modeling",2011,92,"https://www.scopus.com/inward/record.uri?eid=2-s2.0-79957496620&doi=10.1109%2fTIP.2010.2102045&partnerID=40&md5=4d060a10a1839d0d2041a77294d43e0c","National Natural Science Foundation of China

National Basic Research Program of China (973 Program)","Final"
"Yousefi S., Narui H., Dayal S., Ermon S., Valaee S.","A Survey on Behavior Recognition Using WiFi Channel State Information",2017,91,"https://www.scopus.com/inward/record.uri?eid=2-s2.0-85036454840&doi=10.1109%2fMCOM.2017.1700082&partnerID=40&md5=cfe0e4c6b31a29e0fcfe3d8666e810cb","Fonds Québécois de la Recherche sur la Nature et les Technologies

Fonds Québécois de la Recherche sur la Nature et les Technologies

Fonds de recherche du Québec – Nature et technologies

National Science Foundation","Final"
"Wu M., Liu F., Shi P., He Y., Yokoyama R.","Exponential stability analysis for neural networks with time-varying delay",2008,89,"https://www.scopus.com/inward/record.uri?eid=2-s2.0-49049108880&doi=10.1109%2fTSMCB.2008.915652&partnerID=40&md5=f348cb99db9e64a74680eaf2e34c5238","National Natural Science Foundation of China

Program for New Century Excellent Talents in University","Final"
"Nakanishi J., Farrell J.A., Schaal S.","Composite adaptive control with locally weighted statistical learning",2005,77,"https://www.scopus.com/inward/record.uri?eid=2-s2.0-11844255501&doi=10.1016%2fj.neunet.2004.08.009&partnerID=40&md5=98dd5aa3f766373357699289b13d35f5","National Science Foundation

National Aeronautics and Space Administration

Air Force Office of Scientific Research

Japan Science and Technology Agency

Exploratory Research for Advanced Technology","Final"
"Zhang J., Suda Y., Iwasa T.","Absolutely exponential stability of a class of neural networks with unbounded delay",2004,76,"https://www.scopus.com/inward/record.uri?eid=2-s2.0-1642373914&doi=10.1016%2fj.neunet.2003.09.005&partnerID=40&md5=48b847ea6ad3f7f1f3852987050a3fbb","Japan Society for the Promotion of Science

National Natural Science Foundation of China","Final"
"Yang X., Li T., Fujita H., Liu D., Yao Y.","A unified model of sequential three-way decisions and multilevel incremental processing",2017,73,"https://www.scopus.com/inward/record.uri?eid=2-s2.0-85026476125&doi=10.1016%2fj.knosys.2017.07.031&partnerID=40&md5=23c35a783f6a495e61a92be2d7925381","National Natural Science Foundation of China

China Scholarship Council

Fundamental Research Funds for the Central Universities","Final"
"Tsuruoka Y., Mcnaught J., Tsujii J., Ananiadou S.","Learning string similarity measures for gene/protein name dictionary look-up using logistic regression",2007,71,"https://www.scopus.com/inward/record.uri?eid=2-s2.0-35748966977&doi=10.1093%2fbioinformatics%2fbtm393&partnerID=40&md5=5e41c2ee072e019d62a8f1c57abe9129","Biotechnology and Biological Sciences Research Council

European Commission","Final"
"Ström P., Kartasalo K., Olsson H., Solorzano L., Delahunt B., Berney D.M., Bostwick D.G., Evans A.J., Grignon D.J., Humphrey P.A., Iczkowski K.A., Kench J.G., Kristiansen G., van der Kwast T.H., Leite K.R.M., McKenney J.K., Oxley J., Pan C.-C., Samaratunga H., Srigley J.R., Takahashi H., Tsuzuki T., Varma M., Zhou M., Lindberg J., Lindskog C., Ruusuvuori P., Wählby C., Grönberg H., Rantalainen M., Egevad L., Eklund M.","Artificial intelligence for diagnosis and grading of prostate cancer in biopsies: a population-based, diagnostic study",2020,65,"https://www.scopus.com/inward/record.uri?eid=2-s2.0-85078407893&doi=10.1016%2fS1470-2045%2819%2930738-7&partnerID=40&md5=7ee50b37e21af7531fc161d869fd1807","KAUTE-Säätiö

EIT Health

European Research Council

Academy of Finland

Cancerfonden

Vetenskapsrådet

Tampereen Teknillinen Yliopisto

Tampereen Yliopisto

Emil Aaltosen Säätiö

Tekniikan Edistämissäätiö

Syöpäjärjestöt

Forskningsrådet om Hälsa, Arbetsliv och Välfärd

Orionin Tutkimussäätiö

Svenska Litteratursällskapet i Finland

Walter Ahlströmin Säätiö","Final"
"Nishi H., Tyagi M., Teng S., Shoemaker B.A., Hashimoto K., Alexov E., Wuchty S., Panchenko A.R.","Cancer Missense Mutations Alter Binding Properties of Proteins and Their Interaction Networks",2013,65,"https://www.scopus.com/inward/record.uri?eid=2-s2.0-84879157943&doi=10.1371%2fjournal.pone.0066273&partnerID=40&md5=af0ef01aefc1b2ce01208ee112a683a8","National Institute of General Medical Sciences

U.S. National Library of Medicine

Japan Society for the Promotion of Science","Final"
"Moriyama T., Kanade T., Xiao J., Cohn J.F.","Meticulously detailed eye region model and its application to analysis of facial images",2006,65,"https://www.scopus.com/inward/record.uri?eid=2-s2.0-33645157699&doi=10.1109%2fTPAMI.2006.98&partnerID=40&md5=c611c549a46297fea3fc6d775866b174","National Institute of Mental Health","Final"
"Rudovic O., Lee J., Dai M., Schuller B., Picard R.W.","Personalized machine learning for robot perception of affect and engagement in autism therapy",2018,64,"https://www.scopus.com/inward/record.uri?eid=2-s2.0-85056568197&doi=10.1126%2fscirobotics.aao6760&partnerID=40&md5=a7f4d9f8c3ab0d4692deca8f634924e1","Horizon 2020 Framework Programme","Final"
"Schweighofer N., Shishida K., Han C.E., Okamoto Y., Tanaka S.C., Yamawaki S., Doya K.","Humans can adopt optimal discounting strategy under real-time constraints",2006,61,"https://www.scopus.com/inward/record.uri?eid=2-s2.0-33751392881&doi=10.1371%2fjournal.pcbi.0020152&partnerID=40&md5=7977ab8d62bb02eff4b0a4c1631a6ab3","National Science Foundation

National Center for Research Resources","Final"
"Tramontana G., Ichii K., Camps-Valls G., Tomelleri E., Papale D.","Uncertainty analysis of gross primary production upscaling using Random Forests, remote sensing and eddy covariance data",2015,56,"https://www.scopus.com/inward/record.uri?eid=2-s2.0-84939552113&doi=10.1016%2fj.rse.2015.07.015&partnerID=40&md5=b0f3f0f4d2ae4c094d7e5bea86b77757","European Commission

Ministerio de Economía y Competitividad","Final"
"Porter J.F., Kingsland Iii L.C., Lindberg D.A.B., Shah I., Benge J.M., Hazelwood S.E., Kay D.R., Homma M., Akizuki M., Takano M., Sharp G.C.","The ai/rheum knowledge‐based computer consultant system in rheumatology. performance in the diagnosis of 59 connective tissue disease patients from japan",1988,53,"https://www.scopus.com/inward/record.uri?eid=2-s2.0-0023870476&doi=10.1002%2fart.1780310210&partnerID=40&md5=df572fa3e68a937abcd5f17c5ee7e7fa","National Institute of Arthritis and Musculoskeletal and Skin Diseases","Final"
"Karpenko O., Shi J., Dai Y.","Prediction of MHC class II binders using the ant colony search strategy",2005,52,"https://www.scopus.com/inward/record.uri?eid=2-s2.0-24144463821&doi=10.1016%2fj.artmed.2005.02.002&partnerID=40&md5=e910c59a72704e268fa55e2973316da1","National Science Foundation

U.S. Naval Research Laboratory","Final"
"Hu J., Li T., Wang H., Fujita H.","Hierarchical cluster ensemble model based on knowledge granulation",2016,49,"https://www.scopus.com/inward/record.uri?eid=2-s2.0-84949938402&doi=10.1016%2fj.knosys.2015.10.006&partnerID=40&md5=61061a7f04540fb317dfff861d675143","National Natural Science Foundation of China

China Academy of Engineering Physics

Fundamental Research Funds for the Central Universities","Final"
"Li Z., Xu Q., Sun Q., Hou Z., Yin W.-J.","Thermodynamic Stability Landscape of Halide Double Perovskites via High-Throughput Computing and Machine Learning",2019,48,"https://www.scopus.com/inward/record.uri?eid=2-s2.0-85060257858&doi=10.1002%2fadfm.201807280&partnerID=40&md5=17a123606ff01cb2096f95168b2f1547","National Natural Science Foundation of China

Natural Science Foundation of Jiangsu Province

National Basic Research Program of China (973 Program)","Final"
"Wu M., Liu F., Shi P., He Y., Yokoyama R.","Improved free-weighting matrix approach for stability analysis of discrete-time recurrent neural networks with time-varying delay",2008,48,"https://www.scopus.com/inward/record.uri?eid=2-s2.0-48849110858&doi=10.1109%2fTCSII.2008.921597&partnerID=40&md5=94437db941e82630cffd173b12cb28a1","National Natural Science Foundation of China

Program for New Century Excellent Talents in University

National Science Fund for Distinguished Young Scholars","Final"
"Wu Q., Ishikawa F., Zhu Q., Xia Y., Wen J.","Deadline-Constrained Cost Optimization Approaches for Workflow Scheduling in Clouds",2017,47,"https://www.scopus.com/inward/record.uri?eid=2-s2.0-85028920922&doi=10.1109%2fTPDS.2017.2735400&partnerID=40&md5=604d9199922de1cfd8cc3ba9983fdd19","Japan Society for the Promotion of Science

National Natural Science Foundation of China

Fundamental Research Funds for the Central Universities","Final"
"MacMahon H., Doi K., Chan H.-P., Giger M.L., Katsuragawa S., Nakamori N.","Computer-aided diagnosis in chest radiology",1990,46,"https://www.scopus.com/inward/record.uri?eid=2-s2.0-0025171949&doi=10.1097%2f00005382-199001000-00011&partnerID=40&md5=e11c12845405f17a0fa0d8b97091ecdc","National Cancer Institute

U.S. Public Health Service","Final"
"Rivas A., Chamoso P., González-Briones A., Corchado J.M.","Detection of cattle using drones and convolutional neural networks",2018,43,"https://www.scopus.com/inward/record.uri?eid=2-s2.0-85049227214&doi=10.3390%2fs18072048&partnerID=40&md5=d626bb729c556936949125e1502946a2","Consejería de Educación, Junta de Castilla y León

European Regional Development Fund","Final"
"Taylor T., Bedau M., Channon A., Ackley D., Banzhaf W., Beslon G., Dolson E., Froese T., Hickinbotham S., Ikegami T., McMullin B., Packard N., Rasmussen S., Virgo N., Agmon E., Clark E., McGregor S., Ofria C., Ropella G., Spector L., Stanley K.O., Stanton A., Timperley C., Vostinar A., Wiser M.","Open-Ended Evolution: Perspectives from the OEE Workshop in York",2016,43,"https://www.scopus.com/inward/record.uri?eid=2-s2.0-84982273745&doi=10.1162%2fARTL_a_00210&partnerID=40&md5=7ee529bed04cfa26c9060ca7b8af6045","Seventh Framework Programme","Final"
"McCullough D.P., Gudla P.R., Harris B.S., Collins J.A., Meaburn K.J., Nakaya M.-A., Yamaguchi T.P., Misteli T., Lockett S.J.","Segmentation of whole cells and cell nuclei from 3-D optical microscope images using dynamic programming",2008,43,"https://www.scopus.com/inward/record.uri?eid=2-s2.0-43049176436&doi=10.1109%2fTMI.2007.913135&partnerID=40&md5=c370ef8dfe940115a2601d65e18e45eb","National Institutes of Health

National Cancer Institute","Final"
"Wang L., Liu Z.-P., Zhang X.-S., Chen L.","Prediction of hot spots in protein interfaces using a random forest model with hybrid features",2012,42,"https://www.scopus.com/inward/record.uri?eid=2-s2.0-84863285682&doi=10.1093%2fprotein%2fgzr066&partnerID=40&md5=3f56cd99a943776cf7f24b9be406e989","Natural Science Foundation of Shanghai

National Natural Science Foundation of China

Chinese Academy of Sciences","Final"
"Chen Y., Yue X., Fujita H., Fu S.","Three-way decision support for diagnosis on focal liver lesions",2017,40,"https://www.scopus.com/inward/record.uri?eid=2-s2.0-85018171752&doi=10.1016%2fj.knosys.2017.04.008&partnerID=40&md5=af8aa2b25c24c50c3dbf6ec32f77f9de","National Natural Science Foundation of China

Ministry of Science and Technology of the People's Republic of China

Fundamental Research Funds for the Central Universities","Final"
"Alvaro N., Conway M., Doan S., Lofi C., Overington J., Collier N.","Crowdsourcing Twitter annotations to identify first-hand experiences of prescription drug use",2015,38,"https://www.scopus.com/inward/record.uri?eid=2-s2.0-84947918869&doi=10.1016%2fj.jbi.2015.11.004&partnerID=40&md5=d3c16bcad04be9f479a105db18c89daa","U.S. National Library of Medicine

Engineering and Physical Sciences Research Council

Ministry of Education, Culture, Sports, Science and Technology","Final"
"Li Y., Cichocki A., Amari S.-I.","Blind estimation of channel parameters and source components for EEG signals: A sparse factorization approach",2006,38,"https://www.scopus.com/inward/record.uri?eid=2-s2.0-33644977802&doi=10.1109%2fTNN.2005.863424&partnerID=40&md5=3973575d1f80443002e877d12e38d63a","National Natural Science Foundation of China

Program for New Century Excellent Talents in University","Final"
"Zou W., Shi P., Xiang Z., Shi Y.","Finite-Time Consensus of Second-Order Switched Nonlinear Multi-Agent Systems",2020,35,"https://www.scopus.com/inward/record.uri?eid=2-s2.0-85084465819&doi=10.1109%2fTNNLS.2019.2920880&partnerID=40&md5=8704150523379b65e23b97fffc12f771","Australian Research Council

National Natural Science Foundation of China","Final"
"Li Y., Luo Q., Liu J., Guo H., Kato N.","TSP Security in Intelligent and Connected Vehicles: Challenges and Solutions",2019,34,"https://www.scopus.com/inward/record.uri?eid=2-s2.0-85062150455&doi=10.1109%2fMWC.2019.1800289&partnerID=40&md5=c927de26403d2dac82ee3ff0b45e5698","National Natural Science Foundation of China

Fundamental Research Funds for the Central Universities","Final"
"Tokunaga K., Saitoh N., Goldberg I.G., Sakamoto C., Yasuda Y., Yoshida Y., Yamanaka S., Nakao M.","Computational image analysis of colony and nuclear morphology to evaluate human induced pluripotent stem cells",2014,34,"https://www.scopus.com/inward/record.uri?eid=2-s2.0-84944448246&doi=10.1038%2fsrep06996&partnerID=40&md5=0a759c501429a86597ea4602eb87bf36","National Institute on Aging

Ministry of Education, Culture, Sports, Science and Technology

Japan Science and Technology Agency

Core Research for Evolutional Science and Technology","Final"
"Wu M., Chen X., Cao W., She J., Wang C.","An intelligent integrated optimization system for the proportioning of iron ore in a sintering process",2014,31,"https://www.scopus.com/inward/record.uri?eid=2-s2.0-84890942405&doi=10.1016%2fj.jprocont.2013.11.012&partnerID=40&md5=3bee30b54a540b0af2d4a32a9e3e62e8","National Natural Science Foundation of China","Final"
"Wang H.-Q., Li J.-S., Zhang Y.-F., Suzuki M., Araki K.","Creating personalised clinical pathways by semantic interoperability with electronic health records",2013,31,"https://www.scopus.com/inward/record.uri?eid=2-s2.0-84878109502&doi=10.1016%2fj.artmed.2013.02.005&partnerID=40&md5=3224883054ad43c262e8792db5f50568","National Natural Science Foundation of China

National Science and Technology Infrastructure Program","Final"
"Zhou X., Wang S., Chen H., Hara T., Yokoyama R., Kanematsu M., Fujita H.","Automatic localization of solid organs on 3D CT images by a collaborative majority voting decision based on ensemble learning",2012,30,"https://www.scopus.com/inward/record.uri?eid=2-s2.0-84862776760&doi=10.1016%2fj.compmedimag.2011.12.004&partnerID=40&md5=f10798410117897ddc6b8b2f876aa272","National Science Foundation

Japan Society for the Promotion of Science

Ministry of Education, Culture, Sports, Science and Technology

Ministry of Health, Labour and Welfare","Final"
"Saigo H., Vert J.-P., Akutsu T.","Optimizing amino acid substitution matrices with a local alignment kernel",2006,30,"https://www.scopus.com/inward/record.uri?eid=2-s2.0-33746329568&doi=10.1186%2f1471-2105-7-246&partnerID=40&md5=0937d895dc1f9c2638308377e210bb1e","National Human Genome Research Institute","Final"
"Harmon S.A., Sanford T.H., Xu S., Turkbey E.B., Roth H., Xu Z., Yang D., Myronenko A., Anderson V., Amalou A., Blain M., Kassin M., Long D., Varble N., Walker S.M., Bagci U., Ierardi A.M., Stellato E., Plensich G.G., Franceschelli G., Girlando C., Irmici G., Labella D., Hammoud D., Malayeri A., Jones E., Summers R.M., Choyke P.L., Xu D., Flores M., Tamura K., Obinata H., Mori H., Patella F., Cariati M., Carrafiello G., An P., Wood B.J., Turkbey B.","Artificial intelligence for the detection of COVID-19 pneumonia on chest CT using multinational datasets",2020,29,"https://www.scopus.com/inward/record.uri?eid=2-s2.0-85089409297&doi=10.1038%2fs41467-020-17971-2&partnerID=40&md5=de73e8b253c9ffccd16a8f46004e22b4","National Institutes of Health

National Cancer Institute

Société Française de Radiologie","Final"
"Chen M., Wang T., Ota K., Dong M., Zhao M., Liu A.","Intelligent resource allocation management for vehicles network: An A3C learning approach",2020,29,"https://www.scopus.com/inward/record.uri?eid=2-s2.0-85077950265&doi=10.1016%2fj.comcom.2019.12.054&partnerID=40&md5=afc25da1f2ec3048b5623dab498f1df0","Japan Society for the Promotion of Science

Ministry of Education, Culture, Sports, Science and Technology

National Natural Science Foundation of China

KDDI Foundation","Final"
"Danziger S.A., Swamidass S.J., Zeng J., Dearth L.R., Lu Q., Chen J.H., Cheng J., Hoang V.P., Saigo H., Luo R., Baldi P., Brachmann R.K., Lathrop R.H.","Functional census of mutation sequence spaces: The example of p53 cancer rescue mutants",2006,27,"https://www.scopus.com/inward/record.uri?eid=2-s2.0-33646752804&doi=10.1109%2fTCBB.2006.22&partnerID=40&md5=50a00a9bafec043188eb5a1c41be83c3","National Science Foundation

National Institutes of Health

National Cancer Institute

U.S. National Library of Medicine","Final"
"Kasparick M., Cavalcante R.L.G., Valentin S., Stańczak S., Yukawa M.","Kernel-Based Adaptive Online Reconstruction of Coverage Maps With Side Information",2016,26,"https://www.scopus.com/inward/record.uri?eid=2-s2.0-84979294060&doi=10.1109%2fTVT.2015.2453391&partnerID=40&md5=35f2b4d578d6dcea4c528c05e6a6af45","Alcatel-Lucent

Seventh Framework Programme

European Commission

KDDI Foundation","Final"
"Kasai S., Li F., Shiraishi J., Doi K.","Usefulness of computer-aided diagnosis schemes for vertebral fractures and lung nodules on chest radiographs",2008,26,"https://www.scopus.com/inward/record.uri?eid=2-s2.0-46849110821&doi=10.2214%2fAJR.07.3091&partnerID=40&md5=78a62818556ad1cd1023de762086cbe0","National Cancer Institute","Final"
"Cuturi M., Vert J.-P.","The context-tree kernel for strings",2005,26,"https://www.scopus.com/inward/record.uri?eid=2-s2.0-23244459989&doi=10.1016%2fj.neunet.2005.07.010&partnerID=40&md5=fed1db3bb32830c58b0f87a3bfb01f86","National Human Genome Research Institute

Japan Society for the Promotion of Science","Final"
"Jiang T., Gao S., Wang D., Ji J., Todo Y., Tang Z.","A neuron model with synaptic nonlinearities in a dendritic tree for liver disorders",2017,25,"https://www.scopus.com/inward/record.uri?eid=2-s2.0-85003481218&doi=10.1002%2ftee.22350&partnerID=40&md5=fa765de41b0a30a00ee378d5b47f6335","Ministry of Education, Culture, Sports, Science and Technology

National Natural Science Foundation of China

Shanghai Rising-Star Program","Final"
"Doan S., Collier N., Xu H., Duy P.H., Phuong T.M.","Recognition of medication information from discharge summaries using ensembles of classifiers",2012,25,"https://www.scopus.com/inward/record.uri?eid=2-s2.0-84860595742&doi=10.1186%2f1472-6947-12-36&partnerID=40&md5=e728ca6135d9756e67e9663d99389732","U.S. National Library of Medicine","Final"
"Zhong N., Liu C., Ohsuga S.","Dynamically organizing KDD processes",2001,25,"https://www.scopus.com/inward/record.uri?eid=2-s2.0-0035330366&doi=10.1142%2fS0218001401000976&partnerID=40&md5=79271dfd1ddc6da0a2c910df5a51e6e2","Telecommunications Advancement Foundation

Beijing Municipal Natural Science Foundation

National Natural Science Foundation of China","Final"
"Yu D., Xu Z., Fujita H.","Bibliometric analysis on the evolution of applied intelligence",2019,24,"https://www.scopus.com/inward/record.uri?eid=2-s2.0-85052790548&doi=10.1007%2fs10489-018-1278-z&partnerID=40&md5=ec3875ae5bbf4d153325f5cf91b6d56f","National Natural Science Foundation of China","Final"
"Quan C., Ren F.","Weighted high-order hidden Markov models for compound emotions recognition in text",2016,23,"https://www.scopus.com/inward/record.uri?eid=2-s2.0-84949633818&doi=10.1016%2fj.ins.2015.09.050&partnerID=40&md5=4ef912b3baeab709e82a912630ecc88b","National Natural Science Foundation of China

National High-tech Research and Development Program

Scientific Research Foundation for Returned Scholars of Ministry of Education","Final"
"Yorifuji T., Kato T., Ohta H., Bellinger D.C., Matsuoka K., Grandjean P.","Neurological and neuropsychological functions in adults with a history of developmental arsenic poisoning from contaminated milk powder",2016,21,"https://www.scopus.com/inward/record.uri?eid=2-s2.0-84949908188&doi=10.1016%2fj.ntt.2015.12.001&partnerID=40&md5=4ba4504b788c9e3bf3ab2f2a55ca3272","Eunice Kennedy Shriver National Institute of Child Health and Human Development

Ministry of Education, Culture, Sports, Science and Technology","Final"
"Wardenaar K.J., Van Loo H.M., Cai T., Fava M., Gruber M.J., Li J., De Jonge P., Nierenberg A.A., Petukhova M.V., Rose S., Sampson N.A., Schoevers R.A., Wilcox M.A., Alonso J., Bromet E.J., Bunting B., Florescu S.E., Fukao A., Gureje O., Hu C., Huang Y.Q., Karam A.N., Levinson D., Medina Mora M.E., Posada-Villa J., Scott K.M., Taib N.I., Viana M.C., Xavier M., Zarkov Z., Kessler R.C.","The effects of co-morbidity in defining major depression subtypes associated with long-term course and severity",2014,21,"https://www.scopus.com/inward/record.uri?eid=2-s2.0-84927660254&doi=10.1017%2fS0033291714000993&partnerID=40&md5=749fb0c339cc8151f59e2c622733aeaa","National Institute of Mental Health

National Institute on Drug Abuse

Fogarty International Center

Medical Research Council","Final"
"Wang Y., Yu Y., Cao S., Zhang X., Gao S.","A review of applications of artificial intelligent algorithms in wind farms",2020,20,"https://www.scopus.com/inward/record.uri?eid=2-s2.0-85074638214&doi=10.1007%2fs10462-019-09768-7&partnerID=40&md5=16a51cdbb43a81b2c005a1737e0f9882","Japan Society for the Promotion of Science

National Natural Science Foundation of China

Tongji University","Final"
"Jiang X., Ren Z., Fu Y., Liu Y., Zou R., Ji G., Ning H., Li Y., Wen J., Qi H.J., Xu C., Fu S., Qiu J., Hu N.","Highly Compressible and Sensitive Pressure Sensor under Large Strain Based on 3D Porous Reduced Graphene Oxide Fiber Fabrics in Wide Compression Strains",2019,20,"https://www.scopus.com/inward/record.uri?eid=2-s2.0-85073125176&doi=10.1021%2facsami.9b11596&partnerID=40&md5=418ac42db727e537559c85d9c953566d","National Natural Science Foundation of China

Fundamental Research Funds for the Central Universities

Chongqing Research Program of Basic Research and Frontier Technology","Final"
"Celebi E.M., Iyatomi H., Schaefer G., Stoecker W.V.","Approximate lesion localization in dermoscopy images",2009,20,"https://www.scopus.com/inward/record.uri?eid=2-s2.0-67650663171&doi=10.1111%2fj.1600-0846.2009.00357.x&partnerID=40&md5=c4520faa1c64d5fde3819ace70053548","National Cancer Institute","Final"
"Li Z., Ding S., Li Y., Yang Z., Xie S., Chen W.","Manifold optimization-based analysis dictionary learning with an ℓ1∕2-norm regularizer",2018,19,"https://www.scopus.com/inward/record.uri?eid=2-s2.0-85044866562&doi=10.1016%2fj.neunet.2017.11.015&partnerID=40&md5=cbb844504e0c488fe79efc1e36f7e2ed","Japan Society for the Promotion of Science

National Natural Science Foundation of China

Natural Science Foundation of Guangdong Province

Pearl River S and T Nova Program of Guangzhou","Final"
"Lin L., Gen M.","Hybrid evolutionary optimisation with learning for production scheduling: state-of-the-art survey on algorithms and applications",2018,19,"https://www.scopus.com/inward/record.uri?eid=2-s2.0-85042233912&doi=10.1080%2f00207543.2018.1437288&partnerID=40&md5=9a79fda5ee64b468d1081c7fc13fb4b8","Japan Society for the Promotion of Science

National Natural Science Foundation of China","Final"
"Ting J.A., D'Souza A., Schaal S.","Bayesian robot system identification with input and output noise",2011,19,"https://www.scopus.com/inward/record.uri?eid=2-s2.0-78649684697&doi=10.1016%2fj.neunet.2010.08.011&partnerID=40&md5=c26c81ab7350636820188947b609de24","National Science Foundation

National Aeronautics and Space Administration

Air Force Office of Scientific Research

Japan Science and Technology Agency","Final"
"Kawai Y., Moriyama A., Asai K., Coleman-Campbell C.M., Sumi S., Morishita H., Suchi M.","Molecular characterization of histidinemia: Identification of four missense mutations in the histidase gene",2005,19,"https://www.scopus.com/inward/record.uri?eid=2-s2.0-17144419687&doi=10.1007%2fs00439-004-1232-5&partnerID=40&md5=5241bdb15dbe2d59d0d6998537ad3457","National Center for Research Resources","Final"
"Firoz A., Malik A., Joplin K.H., Ahmad Z., Jha V., Ahmad S.","Residue propensities, discrimination and binding site prediction of adenine and guanine phosphates",2011,17,"https://www.scopus.com/inward/record.uri?eid=2-s2.0-79955829108&doi=10.1186%2f1471-2091-12-20&partnerID=40&md5=ea3f128b80be1d9d00e2fd800c207011","National Institute of General Medical Sciences

Japan Society for the Promotion of Science","Final"
"Wong S.T.C.","COSMO: A Communication Scheme for Cooperative Knowledge-Based Systems",1993,17,"https://www.scopus.com/inward/record.uri?eid=2-s2.0-0027599089&doi=10.1109%2f21.256551&partnerID=40&md5=a7c17f3ddf0036e0d4af9b35f29f7dd6","National Science Foundation

Japan Science and Technology Agency","Final"
"Zhang S., Liu J., Guo H., Qi M., Kato N.","Envisioning Device-to-Device Communications in 6G",2020,16,"https://www.scopus.com/inward/record.uri?eid=2-s2.0-85082557297&doi=10.1109%2fMNET.001.1900652&partnerID=40&md5=e444be6996cbeafc794253615ce86fa7","National Natural Science Foundation of China

Fundamental Research Funds for the Central Universities","Final"
"Matsunawa T., Yu B., Pan D.Z.","Optical proximity correction with hierarchical Bayes model",2016,16,"https://www.scopus.com/inward/record.uri?eid=2-s2.0-84961798984&doi=10.1117%2f1.JMM.15.2.021009&partnerID=40&md5=1c87148c55502485be47e76ff5b09039","National Science Foundation

Semiconductor Research Corporation

Chinese University of Hong Kong","Final"
"Zhang S., Ma B., Zhou X., Hua Q., Gong J., Liu T., Cui X., Zhu J., Guo W., Jing L., Hu W., Wang Z.L.","Strain-controlled power devices as inspired by human reflex",2020,15,"https://www.scopus.com/inward/record.uri?eid=2-s2.0-85077941243&doi=10.1038%2fs41467-019-14234-7&partnerID=40&md5=88cac06342179884a7318acc8489f2fc","National Natural Science Foundation of China

Chinese Academy of Agricultural Sciences

National Natural Science Foundation of China-Yunnan Joint Fund

National Basic Research Program of China (973 Program)","Final"
"Krynicki K., Houle M.E., Jaen J.","An efficient ant colony optimization strategy for the resolution of multi-class queries",2016,15,"https://www.scopus.com/inward/record.uri?eid=2-s2.0-84969626075&doi=10.1016%2fj.knosys.2016.05.009&partnerID=40&md5=be16bf543313eb875fd9f65eabfdbad5","Ministerio de Economía y Competitividad

European Regional Development Fund","Final"
"Li D., Miwa T., Morikawa T.","Modeling time-of-day car use behavior: A Bayesian network approach",2016,15,"https://www.scopus.com/inward/record.uri?eid=2-s2.0-84968902006&doi=10.1016%2fj.trd.2016.04.011&partnerID=40&md5=4966d54651ec784376e259fee475b9a7","Engineering and Physical Sciences Research Council

National Natural Science Foundation of China

Fundamental Research Funds for the Central Universities","Final"
"Fishwick P.A.","A Multimodel Approach to Reasoning and Simulation",1994,15,"https://www.scopus.com/inward/record.uri?eid=2-s2.0-0028517414&doi=10.1109%2f21.310527&partnerID=40&md5=ff16b81664e1a0cca9ca4bc91119ab8c","National Science Foundation

Ohio State University

Midwestern State University

Consiglio Nazionale delle Ricerche","Final"
"Blay V., Yokoi T., González-Díaz H.","Perturbation Theory-Machine Learning Study of Zeolite Materials Desilication",2018,14,"https://www.scopus.com/inward/record.uri?eid=2-s2.0-85053337928&doi=10.1021%2facs.jcim.8b00383&partnerID=40&md5=f362b3fa09a0c28cefe685ccb4434f79","Ohio State University

Eusko Jaurlaritza

Ministerio de Economía y Competitividad

European Regional Development Fund","Final"
"Goldschmidt D., Manoonpong P., Dasgupta S.","A neurocomputational model of goal-directed navigation in insect-inspired artificial agents",2017,14,"https://www.scopus.com/inward/record.uri?eid=2-s2.0-85018459730&doi=10.3389%2ffnbot.2017.00020&partnerID=40&md5=95d116656dd925bb3d145af2bbce18bf","Horizon 2020 Framework Programme

Fundação para a Ciência e a Tecnologia

Bernstein Center for Computational Neuroscience Tübingen

Shanxi Datong University

Syddansk Universitet","Final"
"Zhang X.-S., Wang Y., Zhan Z.-W., Wu L.-Y.Ling-Yun, Chen L.","Exploring protein's optimal hp configurations by self-organizing mapping",2005,14,"https://www.scopus.com/inward/record.uri?eid=2-s2.0-17644388790&doi=10.1142%2fS0219720005001107&partnerID=40&md5=3f708ef5a3266ea40e05e31d8015ef15","National Natural Science Foundation of China","Final"
"Wang J., Cen B., Gao S., Zhang Z., Zhou Y.","Cooperative Evolutionary Framework with Focused Search for Many-Objective Optimization",2020,13,"https://www.scopus.com/inward/record.uri?eid=2-s2.0-85064969487&doi=10.1109%2fTETCI.2018.2849380&partnerID=40&md5=f3aceda85a301acdc4c427435813dca0","Japan Society for the Promotion of Science

National Natural Science Foundation of China","Final"
"Chen J., Hu H., Wang J., Yajima T., Ge B., Ke X., Dong H., Jiang Y., Chen N.","Overcoming synthetic metastabilities and revealing metal-To-insulator transition & thermistor bi-functionalities for d-band correlation perovskite nickelates",2019,12,"https://www.scopus.com/inward/record.uri?eid=2-s2.0-85064971815&doi=10.1039%2fc9mh00008a&partnerID=40&md5=9c17be6deafd3d2fb9003da8dc8d303b","National Natural Science Foundation of China","Final"
"Li Y., Cichocki A., Amari S.-I., Xie S., Guan C.","Equivalence probability and sparsity of two sparse solutions in sparse representation",2008,12,"https://www.scopus.com/inward/record.uri?eid=2-s2.0-57749190853&doi=10.1109%2fTNN.2008.2003980&partnerID=40&md5=b95852d96d0082f0a6fa1eb545e4f579","National Natural Science Foundation of China

Program for New Century Excellent Talents in University","Final"
"Li W., Zhong N., Yao Y., Liu J.","An operable email based intelligent personal assistant",2009,11,"https://www.scopus.com/inward/record.uri?eid=2-s2.0-71349088514&doi=10.1007%2fs11280-008-0049-x&partnerID=40&md5=8753fa8361a51a51a81fe424eaffd95c","National Natural Science Foundation of China

Science and Technology Department of Hubei Province","Final"
"Yang G., Chen Y., Huang J.P.","The highly intelligent virtual agents for modeling financial markets",2016,9,"https://www.scopus.com/inward/record.uri?eid=2-s2.0-84944112231&doi=10.1016%2fj.physa.2015.09.071&partnerID=40&md5=89a89b6b27d01a416b2f0ef5bce1594d","National Natural Science Foundation of China

Program for New Century Excellent Talents in University

Shanghai University of Finance and Economics

Fok Ying Tung Education Foundation","Final"
"Galateau Salle F., Le Stang N., Tirode F., Courtiol P., Nicholson A.G., Tsao M.-S., Tazelaar H.D., Churg A., Dacic S., Roggli V., Pissaloux D., Maussion C., Moarii M., Beasley M.B., Begueret H., Chapel D.B., Copin M.C., Gibbs A.R., Klebe S., Lantuejoul S., Nabeshima K., Vignaud J.-M., Attanoos R., Brcic L., Capron F., Chirieac L.R., Damiola F., Sequeiros R., Cazes A., Damotte D., Foulet A., Giusiano-Courcambeck S., Hiroshima K., Hofman V., Husain A.N., Kerr K., Marchevsky A., Paindavoine S., Picquenot J.M., Rouquette I., Sagan C., Sauter J., Thivolet F., Brevet M., Rouvier P., Travis W.D., Planchard G., Weynand B., Clozel T., Wainrib G., Fernandez-Cuesta L., Pairon J.-C., Rusch V., Girard N.","Comprehensive Molecular and Pathologic Evaluation of Transitional Mesothelioma Assisted by Deep Learning Approach: A Multi-Institutional Study of the International Mesothelioma Panel from the MESOPATH Reference Center",2020,8,"https://www.scopus.com/inward/record.uri?eid=2-s2.0-85083770350&doi=10.1016%2fj.jtho.2020.01.025&partnerID=40&md5=5e47f62c008bd2cdd48518b706a32f22","National Institutes of Health

National Cancer Institute

Genentech

Roche

International Association for the Study of Lung Cancer

Meso Scale Diagnostics

Intuitive Surgical

Singapore Police Force

Institut National Du Cancer","Final"
"Li Z., Liu X., Dai J., Chen J., Fujita H.","Measures of uncertainty based on Gaussian kernel for a fully fuzzy information system",2020,8,"https://www.scopus.com/inward/record.uri?eid=2-s2.0-85083044408&doi=10.1016%2fj.knosys.2020.105791&partnerID=40&md5=3fc6c407034deac545b04f9b2f32759e","National Natural Science Foundation of China

Natural Science Foundation of Guangxi Province

Construct Program of the Key Discipline in Hunan Province

Special Fund for Distinguished Experts in Guangxi of China

Science and Technology Program of Hunan Province","Final"
"Graham S.A., Lee E.E., Jeste D.V., Van Patten R., Twamley E.W., Nebeker C., Yamada Y., Kim H.-C., Depp C.A.","Artificial intelligence approaches to predicting and detecting cognitive decline in older adults: A conceptual review",2020,8,"https://www.scopus.com/inward/record.uri?eid=2-s2.0-85078203838&doi=10.1016%2fj.psychres.2019.112732&partnerID=40&md5=beb0319f7cf4b0d7d2650a4e55c1735c","National Institutes of Health

National Institute of Mental Health

California Sea Grant, University of California, San Diego

University of California, San Diego

Sam and Rose Stein Institute for Research on Aging","Final"
"Zhang Z., Han J., Qian K., Janott C., Guo Y., Schuller B.","Snore-GANs: Improving Automatic Snore Sound Classification with Synthesized Data",2020,8,"https://www.scopus.com/inward/record.uri?eid=2-s2.0-85077666833&doi=10.1109%2fJBHI.2019.2907286&partnerID=40&md5=3d9a4223b484c6aca6f81317850f5711","Horizon 2020 Framework Programme

Economic and Social Research Council

Innovative Medicines Initiative","Final"
"Gu Y., Zhang X., Liu Z., Ren F.","BeSense: Leveraging WiFi Channel Data and Computational Intelligence for Behavior Analysis",2019,8,"https://www.scopus.com/inward/record.uri?eid=2-s2.0-85073803029&doi=10.1109%2fMCI.2019.2937610&partnerID=40&md5=1bd73848848ca0fdc277ca22d61404aa","National Natural Science Foundation of China

National Basic Research Program of China (973 Program)

Fundamental Research Funds for the Central Universities","Final"
"Siudek M., Małek K., Pollo A., Krakowski T., Iovino A., Scodeggio M., Moutard T., Zamorani G., Guzzo L., Garilli B., Granett B.R., Bolzonella M., De La Torre S., Abbas U., Adami C., Bottini D., Cappi A., Cucciati O., Davidzon I., Franzetti P., Fritz A., Krywult J., Le Brun V., Le Fèvre O., MacCagni D., Marulli F., Polletta M., Tasca L.A.M., Tojeiro R., Vergani D., Zanichelli A., Arnouts S., Bel J., Branchini E., Coupon J., De Lucia G., Ilbert O., Haines C.P., Moscardini L., Takeuchi T.T.","The VIMOS Public Extragalactic Redshift Survey (VIPERS): The complexity of galaxy populations at 0.4 < z < 1.3 revealed with unsupervised machine-learning algorithms",2018,8,"https://www.scopus.com/inward/record.uri?eid=2-s2.0-85054038119&doi=10.1051%2f0004-6361%2f201832784&partnerID=40&md5=e9d8a22e1f2f01607d9b0e72ebf752e3","Seventh Framework Programme

European Research Council

Narodowe Centrum Nauki","Final"
"Collier N., Tran M.-V., Le H.-Q., Ha Q.-T., Oellrich A., Rebholz-Schuhmann D.","Learning to Recognize Phenotype Candidates in the Auto-Immune Literature Using SVM Re-Ranking",2013,8,"https://www.scopus.com/inward/record.uri?eid=2-s2.0-84885391631&doi=10.1371%2fjournal.pone.0072965&partnerID=40&md5=3be3b2d45b410e3a140ea940b9fcb166","Seventh Framework Programme","Final"
"Wiederkehr C., Basavaraj R., de Menthière C.S., Koch R., Schlecht U., Hermida L., Masdoua B., Ishii R., Cassen V., Yamamoto M., Lane C., Cherry M., Lamb N., Primig M.","Database model specification of GermOnline Release 2.0, a cross-species community annotation knowledgebase on germ cell differentiation",2004,8,"https://www.scopus.com/inward/record.uri?eid=2-s2.0-11144358098&doi=10.1093%2fbioinformatics%2fbth030&partnerID=40&md5=7b350941dfefa26d267c8da5ea8dbff9","National Science Foundation

Schweizerischer Nationalfonds zur Förderung der Wissenschaftlichen Forschung

Schweizerischer Nationalfonds zur Förderung der Wissenschaftlichen Forschung

Institut National de la Santé et de la Recherche Médicale

Centre National de la Recherche Scientifique","Final"
"Fujiyoshi K., Väyrynen J.P., Borowsky J., Papke D.J., Jr., Arima K., Haruki K., Kishikawa J., Akimoto N., Ugai T., Lau M.C., Gu S., Shi S., Zhao M., Da Silva A.F.L., Twombly T.S., Nan H., Meyerhardt J.A., Song M., Zhang X., Wu K., Chan A.T., Fuchs C.S., Lennerz J.K., Giannakis M., Nowak J.A., Ogino S.","Tumour budding, poorly differentiated clusters, and T-cell response in colorectal cancer",2020,7,"https://www.scopus.com/inward/record.uri?eid=2-s2.0-85087519515&doi=10.1016%2fj.ebiom.2020.102860&partnerID=40&md5=52aef40eda7bae14cc06953b0606d918","National Institutes of Health

American Association for Cancer Research

Conquer Cancer Foundation

Bristol-Myers Squibb

Eli Lilly and Company

Pfizer

Merck

Gilead Sciences

Entertainment Industry Foundation

Bayer Corporation

Dana-Farber Cancer Institute

Faculty of Arts and Sciences, Harvard University

Uehara Memorial Foundation

Stand Up To Cancer

Taiho Pharmaceutical

Colorectal Cancer Alliance

Japan Society for the Promotion of Science","Final"
"Li Y., Jiang Y., Tian D., Hu L., Lu H., Yuan Z.","AI-enabled emotion communication",2019,7,"https://www.scopus.com/inward/record.uri?eid=2-s2.0-85096960826&doi=10.1109%2fMNET.001.1900070&partnerID=40&md5=116960f9ad199523f2de1bcfb5959892","Ministry of Education, Culture, Sports, Science and Technology

National Natural Science Foundation of China

Beijing Municipal Natural Science Foundation

State Key Laboratory of Marine Geology

Major Science and Technology Project of Hainan Province","Final"
"Li J., Li Z., Chen F., Bicchi A., Sun Y., Fukuda T.","Combined Sensing, Cognition, Learning, and Control for Developing Future Neuro-Robotics Systems: A Survey",2019,7,"https://www.scopus.com/inward/record.uri?eid=2-s2.0-85061251210&doi=10.1109%2fTCDS.2019.2897618&partnerID=40&md5=3196c10a937e65e87c771ea0862b0dcd","National Natural Science Foundation of China

Anhui Science and Technology Department

National Basic Research Program of China (973 Program)

Guangzhou Research Collaborative Innovation Projects

Science and Technology Planning Project of Guangdong Province","Final"
"Xu C., Ishikawa N., Rajashekar R., Sugiura S., Maunder R.G., Wang Z., Yang L.-L., Hanzo L.","Sixty Years of Coherent Versus Non-Coherent Tradeoffs and the Road from 5G to Wireless Futures",2019,7,"https://www.scopus.com/inward/record.uri?eid=2-s2.0-85077205503&doi=10.1109%2fACCESS.2019.2957706&partnerID=40&md5=94f50f551d47819a526f1b01c986324c","Engineering and Physical Sciences Research Council

Royal Society

Japan Society for the Promotion of Science London

University of Southampton

Wolfson College, University of Oxford

European Research Council

Japan Society for the Promotion of Science

Ministry of Education, Culture, Sports, Science and Technology

Japan Science and Technology Agency

Telecommunications Advancement Foundation","Final"
"Liu G.Y., Kong D.Y., Hu S.G., Yu Q., Liu Z., Chen T.P., Yin Y., Hosaka S., Liu Y.","Smart electronic skin having gesture recognition function by LSTM neural network",2018,7,"https://www.scopus.com/inward/record.uri?eid=2-s2.0-85052317203&doi=10.1063%2f1.5040413&partnerID=40&md5=768655ca52e26528d3c38f15ad0e746b","National Natural Science Foundation of China

Fundamental Research Funds for the Central Universities","Final"
"Alworth S.V., Watanabe H., Lee J.S.J.","Teachable, high-content analytics for live-cell, phase contrast movies",2010,7,"https://www.scopus.com/inward/record.uri?eid=2-s2.0-78449290143&doi=10.1177%2f1087057110373546&partnerID=40&md5=5badd6438a7895f5be2b02b6a2de4cca","National Institute of Mental Health","Final"
"Ji J., Liu C., Sha Z., Zhong N.","Personalized recommendation based on a multilevel customer model",2005,7,"https://www.scopus.com/inward/record.uri?eid=2-s2.0-27844541796&doi=10.1142%2fS021800140500437X&partnerID=40&md5=13b86289b980cea07aeb504ff5678f19","National Natural Science Foundation of China","Final"
"Jiang K., Zhang J., Wu H., Wang A., Iwahori Y.","A novel digital modulation recognition algorithm based on deep convolutional neural network",2020,6,"https://www.scopus.com/inward/record.uri?eid=2-s2.0-85081198628&doi=10.3390%2fapp10031166&partnerID=40&md5=e43ddda8096ad6d53bc11ab4c014d2db","National Natural Science Foundation of China","Final"
"Berlow N.E., Rikhi R., Geltzeiler M., Abraham J., Svalina M.N., Davis L.E., Wise E., Mancini M., Noujaim J., Mansoor A., Quist M.J., Matlock K.L., Goros M.W., Hernandez B.S., Doung Y.C., Thway K., Tsukahara T., Nishio J., Huang E.T., Airhart S., Bult C.J., Gandour-Edwards R., Maki R.G., Jones R.L., Michalek J.E., Milovancev M., Ghosh S., Pal R., Keller C.","Probabilistic modeling of personalized drug combinations from integrated chemical screen and molecular data in sarcoma",2019,6,"https://www.scopus.com/inward/record.uri?eid=2-s2.0-85067500287&doi=10.1186%2fs12885-019-5681-6&partnerID=40&md5=219572e81ea25655879c730c36bfb3fc","National Cancer Institute","Final"
"Khan S., Zafar N., Khan S.S., Setua S., Behrman S.W., Stiles Z.E., Yallapu M.M., Sahay P., Ghimire H., Ise T., Nagata S., Wang L., Wan J.Y., Pradhan P., Jaggi M., Chauhan S.C.","Clinical significance of MUC13 in pancreatic ductal adenocarcinoma",2018,6,"https://www.scopus.com/inward/record.uri?eid=2-s2.0-85040511795&doi=10.1016%2fj.hpb.2017.12.003&partnerID=40&md5=5fb969103531d4986621d46abbe870d5","National Institutes of Health

U.S. Department of Defense

National Cancer Institute

National Institute of Biomedical Imaging and Bioengineering

Health Science Center, University of Tennessee

University of Memphis

Herb Kosten Foundation

Japan Society for the Promotion of Science","Final"
"Chen Z., Wang R.-L.","Ant colony optimization with different crossover schemes for global optimization",2017,6,"https://www.scopus.com/inward/record.uri?eid=2-s2.0-85013434293&doi=10.1007%2fs10586-017-0793-8&partnerID=40&md5=863bc45ee1b99cfb6984e7e3672e994e",,"Final"
"Li R., Zhao X., Shang H., Chen Y., Xiao W.","Fast top-k similarity join for SimRank",2017,6,"https://www.scopus.com/inward/record.uri?eid=2-s2.0-84997235783&doi=10.1016%2fj.ins.2016.10.042&partnerID=40&md5=cc7579c19167128ae5a067f859efce6e","National Natural Science Foundation of China","Final"
"Ludusan B., Cristia A., Martin A., Mazuka R., Dupoux E.","Learnability of prosodic boundaries: Is infant-directed speech easier?",2016,6,"https://www.scopus.com/inward/record.uri?eid=2-s2.0-84983399635&doi=10.1121%2f1.4960576&partnerID=40&md5=78b77f4984db2920c3e22a3289b05f19","European Research Council

Agence Nationale de la Recherche

Fondation de France","Final"
"Indurkhya B.","Metaphor as change of representation: An artificial intelligence perspective",1997,6,"https://www.scopus.com/inward/record.uri?eid=2-s2.0-0031541115&doi=10.1080%2f095281397147211&partnerID=40&md5=3c7b581819b17108e0c2065c65be3fbd","National Science Foundation","Final"
"Wang J., Wang H., Gao G., Lu H., Zhang Z.","Single Underwater Image Enhancement Based on LP -Norm Decomposition",2019,5,"https://www.scopus.com/inward/record.uri?eid=2-s2.0-85074185175&doi=10.1109%2fACCESS.2019.2945576&partnerID=40&md5=84758d34ad5b491737aad0ed10e09a03","National Natural Science Foundation of China

Natural Science Foundation of Jiangsu Province

Fundamental Research Funds for the Central Universities","Final"
"Lei Q., Yu H., Wu M., She J.","Modeling of complex industrial process based on active semi-supervised clustering",2016,5,"https://www.scopus.com/inward/record.uri?eid=2-s2.0-84986567796&doi=10.1016%2fj.engappai.2016.08.002&partnerID=40&md5=4f9b85e1f7eac0eef681722bb599bd1d","National Natural Science Foundation of China

Natural Science Foundation of Hubei Province","Final"
"Xiao M., Nagamochi H.","Complexity and kernels for bipartition into degree-bounded induced graphs",2014,5,"https://www.scopus.com/inward/record.uri?eid=2-s2.0-84921514770&doi=10.1007%2f978-3-319-13075-0_34&partnerID=40&md5=7c4fb6b1873143ea7cd3d4ca7a9da2ce","Japan Society for the Promotion of Science

National Natural Science Foundation of China

Fundamental Research Funds for the Central Universities","Final"
"Walsh W.E., Yokoo M., Hirayama K., Wellman M.P.","On market-inspired approaches to propositional satisfiability",2003,5,"https://www.scopus.com/inward/record.uri?eid=2-s2.0-0037371780&doi=10.1016%2fS0004-3702%2802%2900386-7&partnerID=40&md5=53e3762925b7789c0ab1f3dc9e52251c","National Science Foundation

National Aeronautics and Space Administration

Jet Propulsion Laboratory

University of Michigan","Final"
"Corchado J.M., Chamoso P., Hernández G., Roman Gutierrez A.S., Camacho A.R., González-Briones A., Pinto-Santos F., Goyenechea E., Garcia-Retuerta D., Alonso-Miguel M., Hernandez B.B., Villaverde D.V., Sanchez-Verdejo M., Plaza-Martínez P., López-Pérez M., Manzano-García S., Alonso R.S., Casado-Vara R., Tejedor J.P., Prieta F., Rodríguez-González S., Parra-Domínguez J., Mohamad M.S., Trabelsi S., Díaz-Plaza E., Garcia-Coria J.A., Yigitcanlar T., Novais P., Omatu S.","Deepint.net: A rapid deployment platform for smart territories",2021,4,"https://www.scopus.com/inward/record.uri?eid=2-s2.0-85098948613&doi=10.3390%2fs21010236&partnerID=40&md5=46f621180ff6f07890f72f38ca267d5a","Interreg

European Regional Development Fund","Final"
"Tomašev N., Cornebise J., Hutter F., Mohamed S., Picciariello A., Connelly B., Belgrave D.C.M., Ezer D., Haert F.C., Mugisha F., Abila G., Arai H., Almiraat H., Proskurnia J., Snyder K., Otake-Matsuura M., Othman M., Glasmachers T., Wever W., Teh Y.W., Khan M.E., Winne R.D., Schaul T., Clopath C.","AI for social good: unlocking the opportunity for positive impact",2020,4,"https://www.scopus.com/inward/record.uri?eid=2-s2.0-85084787737&doi=10.1038%2fs41467-020-15871-z&partnerID=40&md5=2a8a469719b9bad2d23b3a82b52da787","Alan Turing Institute

UK Research and Innovation

Engineering and Physical Sciences Research Council

European Research Council

Japan Society for the Promotion of Science

Seventh Framework Programme","Final"
"Kuai H., Zhong N.","The extensible Data-Brain model: Architecture, applications and directions",2020,4,"https://www.scopus.com/inward/record.uri?eid=2-s2.0-85088973685&doi=10.1016%2fj.jocs.2020.101103&partnerID=40&md5=e41e7b80ab4a0b9465d9d89975f6fcae","Japan Society for the Promotion of Science

National Natural Science Foundation of China","Final"
"Li G., Ota K., Dong M., Wu J., Li J.","DeSVig: Decentralized Swift Vigilance against Adversarial Attacks in Industrial Artificial Intelligence Systems",2020,4,"https://www.scopus.com/inward/record.uri?eid=2-s2.0-85079815618&doi=10.1109%2fTII.2019.2951766&partnerID=40&md5=677235441943cfe79cce12017628706f","Japan Society for the Promotion of Science

National Natural Science Foundation of China","Final"
"Ma Z., Bai L., Ishikawa Y., Yan L.","Consistencies of fuzzy spatiotemporal data in XML documents",2018,4,"https://www.scopus.com/inward/record.uri?eid=2-s2.0-85016051324&doi=10.1016%2fj.fss.2017.03.009&partnerID=40&md5=e68e54c9204b7a58845a9d0875b4a287","National Natural Science Foundation of China

Department of Education of Hebei Province

Natural Science Foundation of Hebei Province","Final"
"Li D., Guo R., Zhan R., Yin Y.","An innovative artificial bee colony algorithm and its application to a practical intercell scheduling problem",2018,4,"https://www.scopus.com/inward/record.uri?eid=2-s2.0-85028862636&doi=10.1080%2f0305215X.2017.1361416&partnerID=40&md5=af02a629467b1973d870373ebb8488ad","National Natural Science Foundation of China","Final"
"Ezaki T., Sakaki M., Watanabe T., Masuda N.","Age-related changes in the ease of dynamical transitions in human brain activity",2018,4,"https://www.scopus.com/inward/record.uri?eid=2-s2.0-85043480056&doi=10.1002%2fhbm.24033&partnerID=40&md5=b257edcf00ff358663f3355811f6d661","European Commission

Japan Society for the Promotion of Science

Japan Science and Technology Corporation

Japan Science and Technology Agency

Core Research for Evolutional Science and Technology

Precursory Research for Embryonic Science and Technology

Exploratory Research for Advanced Technology","Final"
"Quan C., Zhang B., Sun X., Ren F.","A combined cepstral distance method for emotional speech recognition",2017,4,"https://www.scopus.com/inward/record.uri?eid=2-s2.0-85027010396&doi=10.1177%2f1729881417719836&partnerID=40&md5=77527ab5beaf1c941360326e8872b044","National Natural Science Foundation of China","Final"
"Liu C., Wang Y., Gao S.","Adaptive Shape Kernel-Based Mean Shift Tracker in Robot Vision System",2016,4,"https://www.scopus.com/inward/record.uri?eid=2-s2.0-84976473768&doi=10.1155%2f2016%2f6040232&partnerID=40&md5=c03db0cf7439ae0b895a12bd2f3fad60","National Natural Science Foundation of China","Final"
"Shimizu T., Saegusa R., Ikemoto S., Ishiguro H., Metta G.","Self-protective whole body motion for humanoid robots based on synergy of global reaction and local reflex",2012,4,"https://www.scopus.com/inward/record.uri?eid=2-s2.0-84863420741&doi=10.1016%2fj.neunet.2012.02.011&partnerID=40&md5=a713251b10209b0922852e0b281aab54","Seventh Framework Programme

Seventh Framework Programme","Final"
"Chen P., Liu R., Aihara K., Chen L.","Autoreservoir computing for multistep ahead prediction based on the spatiotemporal information transformation",2020,3,"https://www.scopus.com/inward/record.uri?eid=2-s2.0-85090757071&doi=10.1038%2fs41467-020-18381-0&partnerID=40&md5=1bc4f19479739e61d5ee528100ea2735","Applied Basic Research Foundation of Yunnan Province

Japan Agency for Medical Research and Development

Japan Society for the Promotion of Science

National Natural Science Foundation of China

Chinese Academy of Sciences

National Natural Science Foundation of China-Yunnan Joint Fund","Final"
"Gu Y., Wang Y., Liu T., Ji Y., Liu Z., Li P., Wang X., An X., Ren F.","EmoSense: Computational Intelligence Driven Emotion Sensing via Wireless Channel Data",2020,3,"https://www.scopus.com/inward/record.uri?eid=2-s2.0-85085861539&doi=10.1109%2fTETCI.2019.2902438&partnerID=40&md5=001b36f31bfa3d09a013137b1ef449d8","National Natural Science Foundation of China

National Basic Research Program of China (973 Program)

Fundamental Research Funds for the Central Universities","Final"
"Ward T.M., Hashimoto D.A., Ban Y., Rattner D.W., Inoue H., Lillemoe K.D., Rus D.L., Rosman G., Meireles O.R.","Automated operative phase identification in peroral endoscopic myotomy",2020,3,"https://www.scopus.com/inward/record.uri?eid=2-s2.0-85088663008&doi=10.1007%2fs00464-020-07833-9&partnerID=40&md5=1634a04cb2be718984c4595bd7025129","National Institutes of Health

Olympus","Article in Press"
"Cowan W., Honda J., Katehakis M.N.","Normal bandits of unknown means and variances",2018,3,"https://www.scopus.com/inward/record.uri?eid=2-s2.0-85047783606&partnerID=40&md5=177e78394290108312ff350d6e595f1e","Japan Society for the Promotion of Science

National Science Foundation","Final"
"Wang L., Shao J., Cao Z., Mambo M., Yamamura A., Wang L.","Certificate-based proxy decryption systems with revocability in the standard model",2013,3,"https://www.scopus.com/inward/record.uri?eid=2-s2.0-84880922415&doi=10.1016%2fj.ins.2013.06.026&partnerID=40&md5=ec68f127172d79b9ab170d57f11a7624","Schizophrenia Research Fund

Japan Society for the Promotion of Science

National Natural Science Foundation of China","Final"
"Zhang X., Yang Y., Li T., Zhang Y., Wang H., Fujita H.","CMC: A consensus multi-view clustering model for predicting Alzheimer's disease progression",2021,2,"https://www.scopus.com/inward/record.uri?eid=2-s2.0-85097893987&doi=10.1016%2fj.cmpb.2020.105895&partnerID=40&md5=9c43e4113319cea4e51cc85c578f7543","Alzheimer's Disease Neuroimaging Initiative

National Natural Science Foundation of China","Final"
"Baird P.N., Saw S.-M., Lanca C., Guggenheim J.A., Smith III E.L., Zhou X., Matsui K.-O., Wu P.-C., Sankaridurg P., Chia A., Rosman M., Lamoureux E.L., Man R., He M.","Myopia",2020,2,"https://www.scopus.com/inward/record.uri?eid=2-s2.0-85097663270&doi=10.1038%2fs41572-020-00231-4&partnerID=40&md5=8202dde0df6fcaf7691a4b349a7cbfc4","National Institutes of Health

Brien Holden Vision Institute

Nanomaterials Microdevices Research Center, Osaka Institute of Technology

National Health and Medical Research Council

Agency for Science, Technology and Research

National Medical Research Council

University of Melbourne

National Natural Science Foundation of China","Final"
"Pan H., Xie G., Pang W., Wang S., Wang Y., Jiang Z., Du X., Tai H.","Surface Engineering of a 3D Topological Network for Ultrasensitive Piezoresistive Pressure Sensors",2020,2,"https://www.scopus.com/inward/record.uri?eid=2-s2.0-85090079790&doi=10.1021%2facsami.0c11658&partnerID=40&md5=8c56b1405af4c0b0f672249661eb63ce","National Outstanding Youth Science Fund Project of National Natural Science Foundation of China

National Natural Science Foundation of China

Science Fund for Creative Research Groups

National Postdoctoral Program for Innovative Talents","Final"
"Zhang Y., Gong G., Yang H., Li W., Liu J.","Precision versus intelligence: Autonomous supporting pressure balance control for slurry shield tunnel boring machines",2020,2,"https://www.scopus.com/inward/record.uri?eid=2-s2.0-85082176248&doi=10.1016%2fj.autcon.2020.103173&partnerID=40&md5=d0394a4f7148edbbeccaefdcf8f2553c","National Natural Science Foundation of China

National Basic Research Program of China (973 Program)","Final"
"Zhang W., Yang D., Zhang G., Gen M.","Hybrid multiobjective evolutionary algorithm with fast sampling strategy-based global search and route sequence difference-based local search for VRPTW",2020,2,"https://www.scopus.com/inward/record.uri?eid=2-s2.0-85077086835&doi=10.1016%2fj.eswa.2019.113151&partnerID=40&md5=9974f7f7e94ed63756fca024993d6ba1","Japan Society for the Promotion of Science

National Natural Science Foundation of China

Science and Technology Department of Henan Province

Henan Province University Innovation Talents Support Program

Key Scientific Research Project of Colleges and Universities in Henan Province

Henan Provincial Science and Technology Research Project

Science and Technology Innovation Talents in Universities of Henan Province","Final"
"Seol H.Y., Rolfes M.C., Chung W., Sohn S., Ryu E., Park M.A., Kita H., Ono J., Croghan I., Armasu S.M., Castro-Rodriguez J.A., Weston J.D., Liu H., Juhn Y.","Expert artificial intelligence-based natural language processing characterises childhood asthma",2020,2,"https://www.scopus.com/inward/record.uri?eid=2-s2.0-85078661728&doi=10.1136%2fbmjresp-2019-000524&partnerID=40&md5=aef1ef2bce34fc63b508fef7c313487f","National Institutes of Health

National Institute on Aging

National Center for Advancing Translational Sciences","Final"
"Liu Z., Lu H., Ruan X., Yang M.-H.","Person Reidentification by Joint Local Distance Metric and Feature Transformation",2019,2,"https://www.scopus.com/inward/record.uri?eid=2-s2.0-85077507718&doi=10.1109%2fTNNLS.2018.2890289&partnerID=40&md5=6872c19c750407e4b9a9f4a49ff40f68","National Natural Science Foundation of China","Final"
"Li W., Jia B., Xu H., Zong Z., Watanabe T.","A multi-task scheduling mechanism based on ACO for maximizing workers' benefits in mobile crowdsensing service markets with the internet of things",2019,2,"https://www.scopus.com/inward/record.uri?eid=2-s2.0-85064215590&doi=10.1109%2fACCESS.2019.2901739&partnerID=40&md5=f8f25c27f8a15b5d8786eff5cc19c8d4","National Natural Science Foundation of China","Final"
"Kim N., Martin P.P., Rockett A.A., Ertekin E.","First-Principle Study of the Electronic Structure and Stability of Reconstructed AgInSe2 (112) Polar Surfaces",2017,2,"https://www.scopus.com/inward/record.uri?eid=2-s2.0-85031765592&doi=10.1109%2fJPHOTOV.2017.2754061&partnerID=40&md5=bf06a4cb8c7b6a432f07a797459d8cac","National Science Foundation

Ministry of Education, Culture, Sports, Science and Technology","Final"
"Wang Y., Xu Z., Sun J., Han F., Todo Y., Gao S.","Ant colony optimization with neighborhood search for dynamic TSP",2016,2,"https://www.scopus.com/inward/record.uri?eid=2-s2.0-85007487704&doi=10.1007%2f978-3-319-41000-5_43&partnerID=40&md5=d9c68ad9f267bdb2fbd1e35da3a36c35","Japan Society for the Promotion of Science

National Natural Science Foundation of China

Shanghai Rising-Star Program","Final"
"Zhang Z., Cao Z., Zhu H.","Constant-round adaptive zero-knowledge proofs for NP",2014,2,"https://www.scopus.com/inward/record.uri?eid=2-s2.0-84891825509&doi=10.1016%2fj.ins.2013.07.037&partnerID=40&md5=6705a32aca4a09ca0b762ef510df81c4","Japan Society for the Promotion of Science

National Natural Science Foundation of China","Final"
"Sasaki K., Jabbour E.J., Ravandi F., Konopleva M., Borthakur G., Wierda W.G., Daver N., Takahashi K., Naqvi K., DiNardo C., Montalban-Bravo G., Kanagal-Shamanna R., Issa G., Jain P., Skinner J., Rios M.B., Pierce S., Soltysiak K.A., Sato J., Garcia-Manero G., Cortes J.E.","The LEukemia Artificial Intelligence Program (LEAP) in chronic myeloid leukemia in chronic phase: A model to improve patient outcomes",2021,1,"https://www.scopus.com/inward/record.uri?eid=2-s2.0-85096984339&doi=10.1002%2fajh.26047&partnerID=40&md5=8edba16ce60eb3457fe3e61ad4d4d5f0","National Institutes of Health

Amgen

Eli Lilly and Company

Novartis

University of Texas MD Anderson Cancer Center","Final"
"Uemura T., Näppi J.J., Ryu Y., Watari C., Kamiya T., Yoshida H.","A generative flow-based model for volumetric data augmentation in 3D deep learning for computed tomographic colonography",2021,1,"https://www.scopus.com/inward/record.uri?eid=2-s2.0-85095125050&doi=10.1007%2fs11548-020-02275-z&partnerID=40&md5=1987532e2c3bbb87ca8c0bc1126659bf","National Institutes of Health","Final"
"Sun J., Liu F., Zhou Y., Gui G., Ohtsuki T., Guo S., Adachi F.","Surveillance Plane Aided Air-Ground Integrated Vehicular Networks: Architectures, Applications, and Potential",2020,1,"https://www.scopus.com/inward/record.uri?eid=2-s2.0-85090448572&doi=10.1109%2fMWC.001.2000079&partnerID=40&md5=41c329e3ccf37bfd2d80fe069a9d6589","Nanjing University of Posts and Telecommunications

Ministry of Industry and Information Technology of the People's Republic of China

National Natural Science Foundation of China","Final"
"Meng Y., Li F., Lan C., Bu X., Kang X., Wei R., Yip S., Li D., Wang F., Takahashi T., Hosomi T., Nagashima K., Yanagida T., Ho J.C.","Artificial visual systems enabled by quasi-two-dimensional electron gases in oxide superlattice nanowires",2020,1,"https://www.scopus.com/inward/record.uri?eid=2-s2.0-85096082238&doi=10.1126%2fsciadv.abc6389&partnerID=40&md5=5d125107175ed87d269aea4132299ff9","City University of Hong Kong

Shenzhen Research Institute, City University of Hong Kong

National Natural Science Foundation of China","Final"
"Jiang W., Yang L., Dasgupta S., Hu J., Shi Y.","Standing on the Shoulders of Giants: Hardware and Neural Architecture Co-Search with Hot Start",2020,1,"https://www.scopus.com/inward/record.uri?eid=2-s2.0-85096035075&doi=10.1109%2fTCAD.2020.3012863&partnerID=40&md5=b31e7dc73dce14076e6f1fc73f4849a4","National Science Foundation","Final"
"Li G., Dong M., Yang L.T., Ota K., Wu J., Li J.","Preserving Edge Knowledge Sharing among IoT Services: A Blockchain-Based Approach",2020,1,"https://www.scopus.com/inward/record.uri?eid=2-s2.0-85087513895&doi=10.1109%2fTETCI.2019.2952587&partnerID=40&md5=a5a42b57a7c2d5daf442444841f1948b","Japan Society for the Promotion of Science

Ministry of Education, Culture, Sports, Science and Technology

National Natural Science Foundation of China

KDDI Foundation","Final"
"Qiao Y., Hashimoto K., Eriguchi A., Wang H., Wang D., Tsuruoka Y., Taura K.","Parallelizing and optimizing neural Encoder–Decoder models without padding on multi-core architecture",2020,1,"https://www.scopus.com/inward/record.uri?eid=2-s2.0-85048450906&doi=10.1016%2fj.future.2018.04.070&partnerID=40&md5=158ed050489e54e68fac65a65fd13a2c","National Natural Science Foundation of China

National Key Research and Development Program of China","Final"
"Badal V.D., Graham S.A., Depp C.A., Shinkawa K., Yamada Y., Palinkas L.A., Kim H.-C., Jeste D.V., Lee E.E.","Prediction of Loneliness in Older Adults Using Natural Language Processing: Exploring Sex Differences in Speech",2020,1,"https://www.scopus.com/inward/record.uri?eid=2-s2.0-85092261502&doi=10.1016%2fj.jagp.2020.09.009&partnerID=40&md5=c8648ae8f4a18e5deb14d1ca396943ab","National Institutes of Health

National Institute of Mental Health

Brain and Behavior Research Foundation

International Business Machines Corporation

University of California, San Diego

Veterans Affairs San Diego Healthcare System

Sam and Rose Stein Institute for Research on Aging

National Alliance for Research on Schizophrenia and Depression","Article in Press"
"Christopher M., Nakahara K., Bowd C., Proudfoot J.A., Belghith A., Goldbaum M.H., Rezapour J., Weinreb R.N., Fazio M.A., Girkin C.A., Liebmann J.M., De Moraes G., Murata H., Tokumo K., Shibata N., Fujino Y., Matsuura M., Kiuchi Y., Tanito M., Asaoka R., Zangwill L.M.","Effects of study population, labeling and training on glaucoma detection using deep learning algorithms",2020,1,"https://www.scopus.com/inward/record.uri?eid=2-s2.0-85088706686&doi=10.1167%2ftvst.9.2.27&partnerID=40&md5=bef75ff5d76f5ec503eb0ef7ba79b39a","National Eye Institute

EyeSight Foundation of Alabama

Research to Prevent Blindness

Novartis

Suzuken Memorial Foundation

Bausch and Lomb

Japan Agency for Medical Research and Development

Deutsche Forschungsgemeinschaft

Ministry of Education, Culture, Sports, Science and Technology

Carl Zeiss Meditec AG

Daiichi Sankyo Foundation of Life Science

Deutsche Ophthalmologische Gesellschaft

Heidelberg Engineering","Final"
"Bai W., Quan C., Luo Z.-W.","Improving generative and discriminative modelling performance by implementing learning constraints in encapsulated variational autoencoders",2019,1,"https://www.scopus.com/inward/record.uri?eid=2-s2.0-85068130589&doi=10.3390%2fapp9122551&partnerID=40&md5=7070a6220e7c28cd1e3784aeeb9984af","National Natural Science Foundation of China","Final"
"Chen J., Hu H., Yajima T., Wang J., Ge B., Dong H., Jiang Y., Chen N.","Delta-temperatural electronic transportation achieved in metastable perovskite rare-earth nickelate thin films",2019,1,"https://www.scopus.com/inward/record.uri?eid=2-s2.0-85068572866&doi=10.1039%2fc9tc02327e&partnerID=40&md5=c6a56185328c738ec2bcf225ea95ca20","National Natural Science Foundation of China","Final"
"Liu L., Yang K., Fujii H., Liu J.","Artificial intelligence and energy intensity in China's industrial sector: Effect and transmission channel",2021,,"https://www.scopus.com/inward/record.uri?eid=2-s2.0-85102634462&doi=10.1016%2fj.eap.2021.03.002&partnerID=40&md5=f304f6a61f8f3868db80b933ca4c7baf","Ministry of Education, Culture, Sports, Science and Technology

Ministry of Education, Culture, Sports, Science and Technology

National Natural Science Foundation of China

Scientific Research Foundation of the Graduate School of Southeast University","Final"
"Zhang H., Deng Y.","Entropy measure for orderable sets",2021,,"https://www.scopus.com/inward/record.uri?eid=2-s2.0-85101301903&doi=10.1016%2fj.ins.2021.01.073&partnerID=40&md5=75f36bf9f6beb2bafa51c47bdf0eb4a4","Japan Society for the Promotion of Science

National Natural Science Foundation of China","Final"
"Hernández-Nieves E., Parra-Domínguez J., Chamoso P., Rodríguez-González S., Corchado J.M.","A data mining and analysis platform for investment recommendations",2021,,"https://www.scopus.com/inward/record.uri?eid=2-s2.0-85103515350&doi=10.3390%2felectronics10070859&partnerID=40&md5=3bb66adbc406652e4669bfa89b31c9d5","European Social Fund

European Regional Development Fund","Final"
"Garcia-Retuerta D., Chamoso P., Hernández G., Guzmán A.S.R., Yigitcanlar T., Corchado J.M.","An efficient management platform for developing smart cities: Solution for real-time and future crowd detection",2021,,"https://www.scopus.com/inward/record.uri?eid=2-s2.0-85102862637&doi=10.3390%2felectronics10070765&partnerID=40&md5=562559801ef5da613af47e9ff22b3554","Ministerio de Ciencia, Innovación y Universidades

European Regional Development Fund

Agencia Estatal de Investigación","Final"
"Huang W., Wu L., Wang Z., Yano S., Li J., Hao G., Zhang J.","Modeling periphyton biomass in a flow-reduced river based on a least squares support vector machines model: Implications for managing the risk of nuisance periphyton",2021,,"https://www.scopus.com/inward/record.uri?eid=2-s2.0-85098462634&doi=10.1016%2fj.jclepro.2020.124884&partnerID=40&md5=ac151ac439c09efc9113201f4dd22839","National Natural Science Foundation of China

Xi'an University of Technology

State Key Laboratory of Hydraulics and Mountain River Engineering

Major Science and Technology Program for Water Pollution Control and Treatment","Final"
"Zhao X., Miao D., Fujita H.","Variable-precision three-way concepts in L-contexts",2021,,"https://www.scopus.com/inward/record.uri?eid=2-s2.0-85097756774&doi=10.1016%2fj.ijar.2020.11.005&partnerID=40&md5=d4e1c7ee933ada48856e147e491e9043","National Natural Science Foundation of China","Final"
"Ryo M., Angelov B., Mammola S., Kass J.M., Benito B.M., Hartig F.","Explainable artificial intelligence enhances the ecological interpretability of black-box species distribution models",2021,,"https://www.scopus.com/inward/record.uri?eid=2-s2.0-85096710867&doi=10.1111%2fecog.05360&partnerID=40&md5=72f4f680c5175ee3e6ca69973736cd20","Multiple Sclerosis Center of Atlanta

European Commission

European Research Council

Japan Society for the Promotion of Science

Okinawa Institute of Science and Technology Graduate University

Freie Universität Berlin","Final"
"Li Q., Xiao X., Kikkawa T.","Noninvasive Blood Glucose Level Detection Based on Matrix Pencil Method and Artificial Neural Network",2021,,"https://www.scopus.com/inward/record.uri?eid=2-s2.0-85103395241&doi=10.1007%2fs42835-021-00719-3&partnerID=40&md5=6f0c59f3eb0cc308d34edcdf385269b2","National Natural Science Foundation of China","Article in Press"
"Toya T., Ahmad A., Attia Z., Cohen-Shelly M., Ozcan I., Noseworthy P.A., Lopez-Jimenez F., Kapa S., Lerman L.O., Friedman P.A., Lerman A.","Vascular aging detected by peripheral endothelial dysfunction is associated with ecg-derived physiological aging",2021,,"https://www.scopus.com/inward/record.uri?eid=2-s2.0-85100843058&doi=10.1161%2fJAHA.120.018656&partnerID=40&md5=6aebaee9f1a5f5f13fd9d97a9fbb952f","National Institutes of Health

Mayo Foundation for Medical Education and Research","Final"
"Fournier-Viger P., Wang Y., Yang P., Lin J.C.-W., Yun U., Kiran R.U.","TSPIN: mining top-k stable periodic patterns",2021,,"https://www.scopus.com/inward/record.uri?eid=2-s2.0-85100317587&doi=10.1007%2fs10489-020-02181-6&partnerID=40&md5=6f437dd7f518b77d5ea2d1cf269b4901","Harbin Institute of Technology

National Natural Science Foundation of China","Article in Press"
"Jiang B., Yang J., Yang C., Zhou W., Pang L., Zhou X.","Knowledge Augmented Dialogue Generation with Divergent Facts Selection",2020,,"https://www.scopus.com/inward/record.uri?eid=2-s2.0-85092095889&doi=10.1016%2fj.knosys.2020.106479&partnerID=40&md5=8f014753f76c6a809a4a3bc248dc9333","National Natural Science Foundation of China

Chinese Academy of Sciences

Institute of Computing Technology, Chinese Academy of Sciences","Final"
"Li W., Su Z., Li R., Zhang K., Wang Y.","Blockchain-Based Data Security for Artificial Intelligence Applications in 6G Networks",2020,,"https://www.scopus.com/inward/record.uri?eid=2-s2.0-85097332708&doi=10.1109%2fMNET.021.1900629&partnerID=40&md5=73bb7fd611293d0250494eca2ff7b32b","Japan Society for the Promotion of Science

National Natural Science Foundation of China

Science and Technology Commission of Shanghai Municipality

Higher Education Discipline Innovation Project","Final"
"Sakao T., Gero J., Mizuyama H.","Analyzing cognitive processes of a product/service-system design session using protocol analysis",2020,,"https://www.scopus.com/inward/record.uri?eid=2-s2.0-85092233220&doi=10.1017%2fS0890060420000402&partnerID=40&md5=d2adcbda2cfcc06a2f386edc8c1db087","National Science Foundation

Stiftelsen för Miljöstrategisk Forskning","Final"
"Hu B., Guo K., Zhang J., Ren S., Ma J.","Exploring a Humanoid Video-Understanding Algorithm Guided by Behavior",2020,,"https://www.scopus.com/inward/record.uri?eid=2-s2.0-85089348582&doi=10.1109%2fMC.2020.2996409&partnerID=40&md5=67c9b5585f23f75fb17c33cf34655e43","National Natural Science Foundation of China

Earmarked Fund for China Agriculture Research System","Final"
"Zhao Y., Zhang A., Feng H., Li Q., Gallinari P., Ren F.","Knowledge graph entity typing via learning connecting embeddings",2020,,"https://www.scopus.com/inward/record.uri?eid=2-s2.0-85082527535&doi=10.1016%2fj.knosys.2020.105808&partnerID=40&md5=b4244c642d04492dd24473c630855d30","National Natural Science Foundation of China

Fundamental Research Funds for the Central Universities","Final"
"Gisselsson-Solén M., Tähtinen P.A., Ryan A.F., Mulay A., Kariya S., Schilder A.G.M., Valdez T.A., Brown S., Nolan R.M., Hermansson A., van Ingen G., Marom T.","Panel 1: Biotechnology, biomedical engineering and new models of otitis media",2020,,"https://www.scopus.com/inward/record.uri?eid=2-s2.0-85077165747&doi=10.1016%2fj.ijporl.2019.109833&partnerID=40&md5=ed5ef9c9c68695a9000859d79565df1f","National Institute on Deafness and Other Communication Disorders","Final"
"Rienstra T., Sakama C., Van Der Torre L., Liao B.","A principle-based robustness analysis of admissibility-based argumentation semantics",2020,,"https://www.scopus.com/inward/record.uri?eid=2-s2.0-85096142808&doi=10.3233%2fAAC-200520&partnerID=40&md5=5c099057235af3d4691fa5f269455da9","Horizon 2020 Framework Programme

Deutsche Forschungsgemeinschaft

Natural Science Foundation of Zhejiang Province

Zhejiang University","Final"
"Imran A., Li J., Pei Y., Akhtar F., Yang J.-J., Dang Y.","Automated identification of cataract severity using retinal fundus images",2020,,"https://www.scopus.com/inward/record.uri?eid=2-s2.0-85089463460&doi=10.1080%2f21681163.2020.1806733&partnerID=40&md5=1f4085abe8fc0b0955c88290d4cf99d8","National Natural Science Foundation of China","Final"
"Gil A.B., de la Prieta F., Rodríguez S., Corchado J.M.","Smart system for the retrieval of digital educational content",2019,,"https://www.scopus.com/inward/record.uri?eid=2-s2.0-85074190347&doi=10.3390%2fapp9204400&partnerID=40&md5=b3a42c187bc8c00839f5f3bb2bd9138d","European Regional Development Fund","Final"
"Zhang J., Huang D., Huang K., Liu Z., Ren F.","Corpus expansion for neural CWS on microblog-oriented data with λ-active learning approach",2018,,"https://www.scopus.com/inward/record.uri?eid=2-s2.0-85042655131&doi=10.1587%2ftransinf.2017EDP7239&partnerID=40&md5=f931134e9125d24c1734fa5f819490ee","National Natural Science Foundation of China","Final"
"Jiang M., Mańdziuk J., Goertzel B., Kubota N.","Guest Editorial Special Issue on Human-Like Intelligence and Robotics",2017,,"https://www.scopus.com/inward/record.uri?eid=2-s2.0-85019028549&doi=10.1109%2fJSYST.2017.2681918&partnerID=40&md5=a5956985a0c3491e546565a10cdb62bf","National Natural Science Foundation of China","Final"
"Iborra J., Nishida N., Vidal G., Yamada A.","Relative Termination via Dependency Pairs",2017,,"https://www.scopus.com/inward/record.uri?eid=2-s2.0-84965031321&doi=10.1007%2fs10817-016-9373-5&partnerID=40&md5=f6c042199ddc871e02abe1d5abeb6bab","European Commission

Austrian Science Fund

Generalitat Valenciana

European Regional Development Fund","Final"
