﻿Authors,Title,Year,Cited by,Link,Funding Details,Publication Stage
"Chen M., Mozaffari M., Saad W., Yin C., Debbah M., Hong C.S.","Caching in the Sky: Proactive Deployment of Cache-Enabled Unmanned Aerial Vehicles for Optimized Quality-of-Experience",2017,394,"https://www.scopus.com/inward/record.uri?eid=2-s2.0-85019756493&doi=10.1109%2fJSAC.2017.2680898&partnerID=40&md5=3473fecbeed69a29cf5d159a3678eaf6","National Science Foundation

Seventh Framework Programme","Final"
"Suk H.-I., Lee S.-W., Shen D., Alzheimer's Disease Neuroimaging Initiative","Hierarchical feature representation and multimodal fusion with deep learning for AD/MCI diagnosis",2014,373,"https://www.scopus.com/inward/record.uri?eid=2-s2.0-84907019192&doi=10.1016%2fj.neuroimage.2014.06.077&partnerID=40&md5=c5dd9d8ebfca5441c9ee4ed1efcbf982","National Institutes of Health

National Institute of Mental Health

National Institute on Aging

National Institute of Biomedical Imaging and Bioengineering

National Research Foundation of Korea","Final"
"Gómez-Bombarelli R., Aguilera-Iparraguirre J., Hirzel T.D., Duvenaud D., Maclaurin D., Blood-Forsythe M.A., Chae H.S., Einzinger M., Ha D.-G., Wu T., Markopoulos G., Jeon S., Kang H., Miyazaki H., Numata M., Kim S., Huang W., Hong S.I., Baldo M., Adams R.P., Aspuru-Guzik A.","Design of efficient molecular organic light-emitting diodes by a high-throughput virtual screening and experimental approach",2016,352,"https://www.scopus.com/inward/record.uri?eid=2-s2.0-84981173474&doi=10.1038%2fnmat4717&partnerID=40&md5=d2d63744bb224bd21e20328bdfb1d06d","National Science Foundation","Final"
"Lee E., Chuang H.-Y., Kim J.-W., Ideker T., Lee D.","Inferring pathway activity toward precise disease classification",2008,330,"https://www.scopus.com/inward/record.uri?eid=2-s2.0-57149092133&doi=10.1371%2fjournal.pcbi.1000217&partnerID=40&md5=5bf942c0c2ca97244f1d2518c91b4305","National Institute of Environmental Health Sciences","Final"
"Hansen K., Biegler F., Ramakrishnan R., Pronobis W., Von Lilienfeld O.A., Müller K.-R., Tkatchenko A.","Machine learning predictions of molecular properties: Accurate many-body potentials and nonlocality in chemical space",2015,313,"https://www.scopus.com/inward/record.uri?eid=2-s2.0-84935014439&doi=10.1021%2facs.jpclett.5b00831&partnerID=40&md5=89b6dd392c4de4480a9036236608a077","Seventh Framework Programme

Schweizerischer Nationalfonds zur F&#x00F6;rderung der Wissenschaftlichen Forschung","Final"
"Schütt K.T., Sauceda H.E., Kindermans P.-J., Tkatchenko A., Müller K.-R.","SchNet - A deep learning architecture for molecules and materials",2018,284,"https://www.scopus.com/inward/record.uri?eid=2-s2.0-85044731105&doi=10.1063%2f1.5019779&partnerID=40&md5=6aa902452c61b655ff4128c385980c86","California Department of Fish and Game

Horizon 2020 Framework Programme

Banting and Best Diabetes Centre, University of Toronto

European Research Council

Deutsche Forschungsgemeinschaft

Bundesministerium für Bildung und Forschung

Institute for Information and Communications Technology Promotion","Final"
"Chmiela S., Tkatchenko A., Sauceda H.E., Poltavsky I., Schütt K.T., Müller K.-R.","Machine learning of accurate energy-conserving molecular force fields",2017,282,"https://www.scopus.com/inward/record.uri?eid=2-s2.0-85041381183&doi=10.1126%2fsciadv.1603015&partnerID=40&md5=1208931568fc6c2799460221ab23ed3c","Horizon 2020 Framework Programme","Final"
"Lee K., Lam M., Pedarsani R., Papailiopoulos D., Ramchandran K.","Speeding Up Distributed Machine Learning Using Codes",2018,206,"https://www.scopus.com/inward/record.uri?eid=2-s2.0-85028987787&doi=10.1109%2fTIT.2017.2736066&partnerID=40&md5=3efab5c678ea4fd420e0fc93bc00241e","National Science Foundation

Institute for Information and Communications Technology Promotion

Ministry of Science and ICT, South Korea","Final"
"Wang M., Ge S.S., Hong K.-S.","Approximation-based adaptive tracking control of pure-feedback nonlinear systems with multiple unknown time-varying delays",2010,163,"https://www.scopus.com/inward/record.uri?eid=2-s2.0-78149318716&doi=10.1109%2fTNN.2010.2073719&partnerID=40&md5=5a32ce98d9d9339946d8af8694c5a1d2","National Natural Science Foundation of China

Natural Science Foundation of Guangdong Province

National Research Foundation of Korea

Ministry of Education, Science and Technology

South China University of Technology

National Basic Research Program of China (973 Program)

Fundamental Research Funds for the Central Universities","Final"
"Yang H.-D., Sclaroff S., Lee S.-W.","Sign language spotting with a threshold model based on conditional random fields",2009,150,"https://www.scopus.com/inward/record.uri?eid=2-s2.0-67349252145&doi=10.1109%2fTPAMI.2008.172&partnerID=40&md5=edac078a99c17cd40599301d1a4aefa0","National Science Foundation

Ministry of Knowledge Economy

Ministry of Education, Science and Technology","Final"
"Liu F., Wee C.-Y., Chen H., Shen D.","Inter-modality relationship constrained multi-modality multi-task feature selection for Alzheimer's Disease and mild cognitive impairment identification",2014,148,"https://www.scopus.com/inward/record.uri?eid=2-s2.0-84885160193&doi=10.1016%2fj.neuroimage.2013.09.015&partnerID=40&md5=fdb4dc3c4d2a6ac197e2021fa3898ee9","National Institutes of Health

National Institute of Mental Health

National Institute on Aging

National Institute of Biomedical Imaging and Bioengineering

Alzheimer's Association

Abbott Laboratories

Alzheimer's Drug Discovery Foundation

AstraZeneca

Genentech

Johnson and Johnson

Merck

Janssen Research and Development

GE Healthcare

F. Hoffmann-La Roche

Medpace

Alzheimer's Disease Neuroimaging Initiative

Amorfix Life Sciences

Takeda Pharmaceutical Company

Bayer HealthCare

National Natural Science Foundation of China

Ministry of Education of the People's Republic of China

National Research Foundation of Korea

China Scholarship Council

Innogenetics

National Key Research and Development Program of China

Specialized Research Fund for the Doctoral Program of Higher Education of China","Final"
"Zhu X., Suk H.-I., Lee S.-W., Shen D.","Subspace Regularized Sparse Multitask Learning for Multiclass Neurodegenerative Disease Identification",2016,137,"https://www.scopus.com/inward/record.uri?eid=2-s2.0-84962091523&doi=10.1109%2fTBME.2015.2466616&partnerID=40&md5=416c92dd78f76b353fb4ab7c36f99c81","National Institutes of Health

National Institute of Mental Health

National Institute on Aging

National Institute of Biomedical Imaging and Bioengineering

National Research Foundation of Korea

Institute for Information and Communications Technology Promotion","Final"
"Chen W., Peng J., Hong H., Shahabi H., Pradhan B., Liu J., Zhu A.-X., Pei X., Duan Z.","Landslide susceptibility modelling using GIS-based machine learning techniques for Chongren County, Jiangxi Province, China",2018,129,"https://www.scopus.com/inward/record.uri?eid=2-s2.0-85042195668&doi=10.1016%2fj.scitotenv.2018.01.124&partnerID=40&md5=89adc983766aabdddc38584eea661a78","University of Wisconsin-Madison

National Natural Science Foundation of China

Chinese Academy of Sciences

China Postdoctoral Science Foundation

Chengdu University of Technology

Education Department of Shaanxi Province

Shaanxi Province Postdoctoral Science Foundation

State Key Laboratory of Geohazard Prevention and Geoenvironment Protection

National Basic Research Program of China (973 Program)","Final"
"Chen Y., Park S.-K., Ma Y., Ala R.","A new automatic parameter setting method of a simplified PCNN for image segmentation",2011,127,"https://www.scopus.com/inward/record.uri?eid=2-s2.0-79957971391&doi=10.1109%2fTNN.2011.2128880&partnerID=40&md5=5ea5ae0fd5de48169ede6f240637d11e","National Natural Science Foundation of China

Korea Institute of Science and Technology","Final"
"Cho Y., Seong J.-K., Jeong Y., Shin S.Y.","Individual subject classification for Alzheimer's disease based on incremental learning using a spatial frequency representation of cortical thickness data",2012,125,"https://www.scopus.com/inward/record.uri?eid=2-s2.0-84855418467&doi=10.1016%2fj.neuroimage.2011.09.085&partnerID=40&md5=0cb9d8665e39dee807d2bb95006722db","National Institutes of Health

U.S. Food and Drug Administration

National Institute on Aging

National Institute of Biomedical Imaging and Bioengineering

Alzheimer's Association

Dana Foundation

Abbott Laboratories

Bristol-Myers Squibb

Alzheimer's Drug Discovery Foundation

AstraZeneca

Genentech

GlaxoSmithKline

Johnson and Johnson

Merck

Novartis

GE Healthcare

Schering-Plough

Synarc

Alzheimer's Disease Neuroimaging Initiative

Elan

National Research Foundation of Korea

Ministry of Education, Science and Technology

Innogenetics

Bayer Schering","Final"
"Wei Y., Yu F.R., Song M., Han Z.","User Scheduling and Resource Allocation in HetNets with Hybrid Energy Supply: An Actor-Critic Reinforcement Learning Approach",2018,123,"https://www.scopus.com/inward/record.uri?eid=2-s2.0-85033675947&doi=10.1109%2fTWC.2017.2769644&partnerID=40&md5=743d62e977a7b99a04294ef4552f9c17","National Natural Science Foundation of China","Final"
"Yang J., Park M.-W., Vela P.A., Golparvar-Fard M.","Construction performance monitoring via still images, time-lapse photos, and video streams: Now, tomorrow, and the future",2015,121,"https://www.scopus.com/inward/record.uri?eid=2-s2.0-84937522080&doi=10.1016%2fj.aei.2015.01.011&partnerID=40&md5=3f36909e6baa632794c3b910e6c0723a","Institute for Critical Technology and Applied Science

National Natural Science Foundation of China

Northwestern Polytechnical University

Ministry of Land, Infrastructure and Transport","Final"
"Kim J., Fessler J.A.","Intensity-Based Image Registration Using Robust Correlation Coefficients",2004,117,"https://www.scopus.com/inward/record.uri?eid=2-s2.0-9244238649&doi=10.1109%2fTMI.2004.835313&partnerID=40&md5=0c8df93ab601e9c39a941ba581fa2bf9","National Institutes of Health

National Cancer Institute","Final"
"Yoon J.H., Wang Z., Kim K.M., Wu H., Ravichandran V., Xia Q., Hwang C.S., Yang J.J.","An artificial nociceptor based on a diffusive memristor",2018,113,"https://www.scopus.com/inward/record.uri?eid=2-s2.0-85041199810&doi=10.1038%2fs41467-017-02572-3&partnerID=40&md5=d9d84e757f3a8f408421ecc92f22dafb","National Science Foundation

Air Force Office of Scientific Research

Air Force Research Laboratory

Ministry of Education

National Research Foundation

National Natural Science Foundation of China

National Research Foundation of Korea

National Science Foundation

Beijing Innovation Center for Future Chip","Final"
"Zhang L.-Q., Chung S.G., Bai Z., Xu D., Van Rey E.M.T., Rogers M.W., Johnson M.E., Roth E.J.","Intelligent stretching of ankle joints with contracture/spasticity",2002,101,"https://www.scopus.com/inward/record.uri?eid=2-s2.0-0036763437&doi=10.1109%2fTNSRE.2002.802857&partnerID=40&md5=a347f1424c4702306ee61f4382380a35","National Multiple Sclerosis Society

National Institutes of Health

National Institute on Disability and Rehabilitation Research","Final"
"Wang J., Cao J., Sherratt R.S., Park J.H.","An improved ant colony optimization-based approach with mobile sink for wireless sensor networks",2018,92,"https://www.scopus.com/inward/record.uri?eid=2-s2.0-85026510379&doi=10.1007%2fs11227-017-2115-6&partnerID=40&md5=bb914968b51691d898ce0d6fb16f9590","National Natural Science Foundation of China

Ministry of Science, ICT and Future Planning

National Research Foundation of Korea","Final"
"Jie B., Zhang D., Gao W., Wang Q., Wee C.-Y., Shen D.","Integration of network topological and connectivity properties for neuroimaging classification",2014,92,"https://www.scopus.com/inward/record.uri?eid=2-s2.0-84893330870&doi=10.1109%2fTBME.2013.2284195&partnerID=40&md5=e3c53edf8ae41a9bb96f22bc4f2fdec8","National Institute of Mental Health

National Institute on Aging

National Institute of Biomedical Imaging and Bioengineering","Final"
"Chen Y., Yang B., Abraham A.","Flexible neural trees ensemble for stock index modeling",2007,91,"https://www.scopus.com/inward/record.uri?eid=2-s2.0-33845997779&doi=10.1016%2fj.neucom.2006.10.005&partnerID=40&md5=26e58f33898399a48d1dcde2953e5413","Science and Technology Development Plan of Shandong Province

National Natural Science Foundation of China","Final"
"Choi J.H., Jung H.K., Kim T.","A new action potential detector using the MTEO and its effects on spike sorting systems at low signal-to-noise ratios",2006,91,"https://www.scopus.com/inward/record.uri?eid=2-s2.0-33645332599&doi=10.1109%2fTBME.2006.870239&partnerID=40&md5=5cbb269eb7bf958773e266ee6aaffaaa","Korea Science and Engineering Foundation

European Research Council","Final"
"Chen Y., Abraham A., Yang B.","Feature selection and classification using flexible neural tree",2006,90,"https://www.scopus.com/inward/record.uri?eid=2-s2.0-33750331605&doi=10.1016%2fj.neucom.2006.01.022&partnerID=40&md5=dc6479c5a1e5599ba8546da22a609cad","National Natural Science Foundation of China","Final"
"Jie B., Zhang D., Cheng B., Shen D., Alzheimer's Disease Neuroimaging Initiative","Manifold regularized multitask feature learning for multimodality disease classification",2015,84,"https://www.scopus.com/inward/record.uri?eid=2-s2.0-84922322664&doi=10.1002%2fhbm.22642&partnerID=40&md5=2863aff8848fc7e958faa2b5d1aa0d61","National Institutes of Health

National Institute of Mental Health

National Institute on Aging

National Institute of Biomedical Imaging and Bioengineering","Final"
"Sajedi-Hosseini F., Malekian A., Choubin B., Rahmati O., Cipullo S., Coulon F., Pradhan B.","A novel machine learning-based approach for the risk assessment of nitrate groundwater contamination",2018,83,"https://www.scopus.com/inward/record.uri?eid=2-s2.0-85049899488&doi=10.1016%2fj.scitotenv.2018.07.054&partnerID=40&md5=181ff14c17c88571c65e52775da6ab92","Horizon 2020 Framework Programme","Final"
"Chen M., Yang J., Zhou J., Hao Y., Zhang J., Youn C.-H.","5G-Smart Diabetes: Toward Personalized Diabetes Diagnosis with Healthcare Big Data Clouds",2018,81,"https://www.scopus.com/inward/record.uri?eid=2-s2.0-85045877766&doi=10.1109%2fMCOM.2018.1700788&partnerID=40&md5=256cfb82b403d8bdf32a96825d798cc3","National Research Foundation

Applied Basic Research Program of Sichuan Province

National Research Foundation

National Natural Science Foundation of China

Ministry of Science and Technology of the People's Republic of China

Institute for Information and Communications Technology Promotion

Wuhan Municipal Science and Technology Bureau

Hubei Provincial Key Laboratory of Intelligent Robot","Final"
"You Z.-H., Yin Z., Han K., Huang D.-S., Zhou X.","A semi-supervised learning approach to predict synthetic genetic interactions by combining functional and topological properties of functional gene network",2010,78,"https://www.scopus.com/inward/record.uri?eid=2-s2.0-77955106017&doi=10.1186%2f1471-2105-11-343&partnerID=40&md5=bde4e544d1a34b1c60c888fa83c1b198","National Cancer Institute

U.S. National Library of Medicine","Final"
"Song D., Fan X., Yang J., Liu A., Chen S., Joo Y.H.","Power extraction efficiency optimization of horizontal-axis wind turbines through optimizing control parameters of yaw control systems using an intelligent method",2018,74,"https://www.scopus.com/inward/record.uri?eid=2-s2.0-85046626314&doi=10.1016%2fj.apenergy.2018.04.114&partnerID=40&md5=08f1c272c143be1295f36951dd89bc34","National Natural Science Foundation of China

Central South University

China Postdoctoral Science Foundation

National Research Foundation of Korea","Final"
"Liu E., Jain A.K., Tian J.","A coarse to fine minutiae-based latent palmprint matching",2013,70,"https://www.scopus.com/inward/record.uri?eid=2-s2.0-84883173650&doi=10.1109%2fTPAMI.2013.39&partnerID=40&md5=e30f604fa8ebb46038b6ac899963a5e9",,"Final"
"Edlund J.A., Chaumont N., Hintze A., Koch C., Tononi G., Adami C.","Integrated information increases with fitness in the evolution of animats",2011,70,"https://www.scopus.com/inward/record.uri?eid=2-s2.0-80055105988&doi=10.1371%2fjournal.pcbi.1002236&partnerID=40&md5=f80a99522e6d35b5ac48ae90c29a2187","National Science Foundation","Final"
"Elgammal A., Lee C.-S.","Tracking people on a Torus",2009,68,"https://www.scopus.com/inward/record.uri?eid=2-s2.0-59549087186&doi=10.1109%2fTPAMI.2008.101&partnerID=40&md5=27b3c6b61357650f193ac6e2873a371b","National Science Foundation","Final"
"Thung K.-H., Wee C.-Y., Yap P.-T., Shen D.","Neurodegenerative disease diagnosis using incomplete multi-modality data via matrix shrinkage and completion",2014,65,"https://www.scopus.com/inward/record.uri?eid=2-s2.0-84896353646&doi=10.1016%2fj.neuroimage.2014.01.033&partnerID=40&md5=bf97dea8d2abc6ed5f0a65bc476a7aea","National Institutes of Health

U.S. Food and Drug Administration

National Institute on Aging

National Institute of Biomedical Imaging and Bioengineering

Alzheimer's Association

Dana Foundation

Abbott Laboratories

Alzheimer's Drug Discovery Foundation

Genentech

Johnson and Johnson

Novartis

Takeda Pharmaceuticals North America

GE Healthcare

F. Hoffmann-La Roche

Alzheimer's Disease Neuroimaging Initiative

Amorfix Life Sciences

BioClinica

Janssen Alzheimer Immunotherapy Research And Development

Elan

Innogenetics

Bayer Schering

Servier","Final"
"Wang J., Cao J., Li B., Lee S., Sherratt R.S.","Bio-inspired ant colony optimization based clustering algorithm with mobile sinks for applications in consumer home automation networks",2015,64,"https://www.scopus.com/inward/record.uri?eid=2-s2.0-84962040483&doi=10.1109%2fTCE.2015.7389797&partnerID=40&md5=776b52e0f709cf813557f042df8afe4d","Center for Outcomes Research and Evaluation, Yale School of Medicine

National Natural Science Foundation of China

Ministry of Trade, Industry and Energy

Natural Science Foundation of Jiangsu Province

Six Talent Peaks Project in Jiangsu Province","Final"
"Lee S., Crawford M.M.","Unsupervised multistage image classification using hierarchical clustering with a bayesian similarity measure",2005,59,"https://www.scopus.com/inward/record.uri?eid=2-s2.0-14844341319&doi=10.1109%2fTIP.2004.841195&partnerID=40&md5=c1e51560ca933a7f690b71a8029ed1a4","National Science Foundation

Army Research Office

Ministry of Science and Technology","Final"
"Kampmann M., Horlbeck M.A., Chen Y., Tsai J.C., Bassik M.C., Gilbert L.A., Villalta J.E., Kwon S.C., Chang H., Kim V.N., Weissman J.S.","Next-generation libraries for robust RNA interference-based genome-wide screens",2015,57,"https://www.scopus.com/inward/record.uri?eid=2-s2.0-84937856311&doi=10.1073%2fpnas.1508821112&partnerID=40&md5=03cd58b4ca1814db0bfb2ac4e385a5d8","National Institute on Aging

National Cancer Institute

National Institute of General Medical Sciences

National Institute of Biomedical Imaging and Bioengineering

Eunice Kennedy Shriver National Institute of Child Health and Human Development","Final"
"Pozun Z.D., Hansen K., Sheppard D., Rupp M., Müller K.-R., Henkelman G.","Optimizing transition states via kernel-based machine learning",2012,57,"https://www.scopus.com/inward/record.uri?eid=2-s2.0-84862891798&doi=10.1063%2f1.4707167&partnerID=40&md5=c5331b49a43eb413fa8fd556ce894a40","National Science Foundation

FP7 Information and Communication Technologies

European Commission

Deutsche Forschungsgemeinschaft

National Research Foundation of Korea

Ministry of Education, Science and Technology","Final"
"Hadwiger M., Beyer J., Jeong W.-K., Pfister H.","Interactive volume exploration of petascale microscopy data streams using a visualization-driven virtual memory approach",2012,56,"https://www.scopus.com/inward/record.uri?eid=2-s2.0-84867678132&doi=10.1109%2fTVCG.2012.240&partnerID=40&md5=8bbc3606dada18c4667a4183a3de4191","National Science Foundation

Google

Nvidia

Vienna Science and Technology Fund","Final"
"Liu G., Liu S., Muhammad K., Sangaiah A.K., Doctor F.","Object Tracking in Vary Lighting Conditions for Fog Based Intelligent Surveillance of Public Spaces",2018,55,"https://www.scopus.com/inward/record.uri?eid=2-s2.0-85046742086&doi=10.1109%2fACCESS.2018.2834916&partnerID=40&md5=281a9c7286a886af37c1153a04e2cbf8","National Natural Science Foundation of China

Research Program of Science and Technology at Universities of Inner Mongolia Autonomous Region","Final"
"Li Z., Dai Q., Mehmood M.Q., Hu G., yanchuk B.L., Tao J., Hao C., Kim I., Jeong H., Zheng G., Yu S., Alù A., Rho J., Qiu C.-W.","Full-space Cloud of Random Points with a Scrambling Metasurface",2018,54,"https://www.scopus.com/inward/record.uri?eid=2-s2.0-85053192746&doi=10.1038%2fs41377-018-0064-3&partnerID=40&md5=1d12a1829755b6af97a4f7bd5ed304cb","National Natural Science Foundation of China

National Research Foundation of Korea","Final"
"Snyder J.C., Rupp M., Hansen K., Blooston L., Müller K.-R., Burke K.","Orbital-free bond breaking via machine learning",2013,54,"https://www.scopus.com/inward/record.uri?eid=2-s2.0-84903362304&doi=10.1063%2f1.4834075&partnerID=40&md5=2e83891e5160dad50b8394108b4e6207","National Science Foundation

Seventh Framework Programme","Final"
"Gao Y., Shao Y., Lian J., Wang A.Z., Chen R.C., Shen D.","Accurate Segmentation of CT Male Pelvic Organs via Regression-Based Deformable Models and Multi-Task Random Forests",2016,53,"https://www.scopus.com/inward/record.uri?eid=2-s2.0-84974575225&doi=10.1109%2fTMI.2016.2519264&partnerID=40&md5=42cd4840a85f9821fcfb03cc87b82b90","National Institutes of Health

National Cancer Institute

National Institute of Biomedical Imaging and Bioengineering","Final"
"Tai Y.-W., Chen X., Kim S., Kim S.J., Li F., Yang J., Yu J., Matsushita Y., Brown M.S.","Nonlinear camera response functions and image deblurring: Theoretical analysis and practice",2013,52,"https://www.scopus.com/inward/record.uri?eid=2-s2.0-84883144504&doi=10.1109%2fTPAMI.2013.40&partnerID=40&md5=da308d1aa8ba07775326034eec6b7550","National Science Foundation","Final"
"Höhne J., Holz E., Staiger-Sälzer P., Müller K.-R., Kübler A., Tangermann M.","Motor imagery for severely motor-impaired patients: Evidence for brain-computer interfacing as superior control solution",2014,51,"https://www.scopus.com/inward/record.uri?eid=2-s2.0-84916235336&doi=10.1371%2fjournal.pone.0104854&partnerID=40&md5=37573baf0ec10896709b0dd02a57e87b","Seventh Framework Programme","Final"
"Kim H., Lee J.K., Park T.","Boolean networks using the chi-square test for inferring large-scale gene regulatory networks",2007,48,"https://www.scopus.com/inward/record.uri?eid=2-s2.0-33847260655&doi=10.1186%2f1471-2105-8-37&partnerID=40&md5=4d0806fb18232f3e85d9e48340701e5d","National Heart, Lung, and Blood Institute","Final"
"Peng Y., Que M., Lee H.E., Bao R., Wang X., Lu J., Yuan Z., Li X., Tao J., Sun J., Zhai J., Lee K.J., Pan C.","Achieving high-resolution pressure mapping via flexible GaN/ ZnO nanowire LEDs array by piezo-phototronic effect",2019,46,"https://www.scopus.com/inward/record.uri?eid=2-s2.0-85061036236&doi=10.1016%2fj.nanoen.2019.01.076&partnerID=40&md5=b89e375e559b30d50e5215b6265e6740","National Natural Science Foundation of China

Natural Science Foundation of Beijing Municipality

","Final"
"Pyun K., Lim J., Won C.S., Gray R.M.","Image segmentation using hidden Markov Gauss mixture models",2007,44,"https://www.scopus.com/inward/record.uri?eid=2-s2.0-34347380736&doi=10.1109%2fTIP.2007.899612&partnerID=40&md5=070e532788ffc48179f31f36accc5653","National Science Foundation","Final"
"Nie D., Lu J., Zhang H., Adeli E., Wang J., Yu Z., Liu L.Y., Wang Q., Wu J., Shen D.","Multi-Channel 3D Deep Feature Learning for Survival Time Prediction of Brain Tumor Patients Using Multi-Modal Neuroimages",2019,42,"https://www.scopus.com/inward/record.uri?eid=2-s2.0-85060943682&doi=10.1038%2fs41598-018-37387-9&partnerID=40&md5=484bcc47993f44eb13b07b1e11b4f8a9","National Institutes of Health

National Institute of Mental Health

National Institute on Aging

National Institute of Biomedical Imaging and Bioengineering

NIH Clinical Center

National Natural Science Foundation of China

Science and Technology Commission of Shanghai Municipality

Shanghai Municipal Health and Family Planning Commission","Final"
"Cha Y., Kim S.","Edge-forming methods for color image zooming",2006,42,"https://www.scopus.com/inward/record.uri?eid=2-s2.0-33746256199&doi=10.1109%2fTIP.2006.875182&partnerID=40&md5=aac0e9196b5ca9e355e0059d53af5f23","National Science Foundation","Final"
"Gonzalez-Pardo A., Jung J.J., Camacho D.","ACO-based clustering for Ego Network analysis",2017,41,"https://www.scopus.com/inward/record.uri?eid=2-s2.0-84978857392&doi=10.1016%2fj.future.2016.06.033&partnerID=40&md5=0b33cd9f31ff2907e5af1e31798523cf","Comunidad de Madrid

Ministry of Science, ICT and Future Planning

European Regional Development Fund

National Research Foundation of Korea

Ministerio de Economía y Competitividad","Final"
"Jang B.C., Kim S., Yang S.Y., Park J., Cha J.-H., Oh J., Choi J., Im S.G., Dravid V.P., Choi S.-Y.","Polymer Analog Memristive Synapse with Atomic-Scale Conductive Filament for Flexible Neuromorphic Computing System",2019,40,"https://www.scopus.com/inward/record.uri?eid=2-s2.0-85061486245&doi=10.1021%2facs.nanolett.8b04023&partnerID=40&md5=2d035b9a0db227e07379f89f46bc1bb5","National Science Foundation

W. M. Keck Foundation

Northwestern University

Materials Research Science and Engineering Center, Harvard University

Electronics and Telecommunications Research Institute

KAIST","Final"
"Morocho-Cayamcela M.E., Lee H., Lim W.","Machine learning for 5G/B5G mobile and wireless communications: Potential, limitations, and future directions",2019,39,"https://www.scopus.com/inward/record.uri?eid=2-s2.0-85077812600&doi=10.1109%2fACCESS.2019.2942390&partnerID=40&md5=92b2a8d1139456098e5c11811323691f","Horizon 2020 Framework Programme

Ministry of Trade, Industry and Energy

Ministry of Science, ICT and Future Planning

National Research Foundation of Korea

Iran Telecommunication Research Center

Shenzhen Institutes of Advanced Technology Innovation Program for Excellent Young Researchers","Final"
"Stern R.E., Song J., Work D.B.","Accelerated Monte Carlo system reliability analysis through machine-learning-based surrogate models of network connectivity",2017,37,"https://www.scopus.com/inward/record.uri?eid=2-s2.0-85014457176&doi=10.1016%2fj.ress.2017.01.021&partnerID=40&md5=9581b7ae3bb3a7c3f556a40c847bd272","National Science Foundation

Ministry of Land, Infrastructure and Transport","Final"
"Kim M., Wu G., Li W., Wang L., Son Y.-D., Cho Z.-H., Shen D.","Automatic hippocampus segmentation of 7.0Tesla MR images by combining multiple atlases and auto-context models",2013,37,"https://www.scopus.com/inward/record.uri?eid=2-s2.0-84880956855&doi=10.1016%2fj.neuroimage.2013.06.006&partnerID=40&md5=2b140ca631cf1572402705243e5091cf","National Institutes of Health

National Institute of Mental Health

National Institute on Aging

National Institute of Biomedical Imaging and Bioengineering","Final"
"Chen J., Fang Y., Cho Y.K., Kim C.","Principal Axes Descriptor for Automated Construction-Equipment Classification from Point Clouds",2017,33,"https://www.scopus.com/inward/record.uri?eid=2-s2.0-85013004977&doi=10.1061%2f%28ASCE%29CP.1943-5487.0000628&partnerID=40&md5=5691930acb0d2f6e0e68896e42e58866","National Science Foundation","Final"
"Reddy A.K., Taffet G.E., Li Y.-H., Lim S.-W., Pham T.T., Pocius J.S., Entman M.L., Michael L.H., Hartley C.J.","Pulsed doppler signal processing for use in mice: Applications",2005,32,"https://www.scopus.com/inward/record.uri?eid=2-s2.0-26444501984&doi=10.1109%2fTBME.2005.855709&partnerID=40&md5=ee803f90e51c82e0b3e854d0dcea2f70","National Institutes of Health

National Institute on Aging

National Heart, Lung, and Blood Institute

National Science Council

National Cheng Kung University","Final"
"Moreno-Martínez Á., Camps-Valls G., Kattge J., Robinson N., Reichstein M., van Bodegom P., Kramer K., Cornelissen J.H.C., Reich P., Bahn M., Niinemets Ü., Peñuelas J., Craine J.M., Cerabolini B.E.L., Minden V., Laughlin D.C., Sack L., Allred B., Baraloto C., Byun C., Soudzilovskaia N.A., Running S.W.","A methodology to derive global maps of leaf traits using remote sensing and climate data",2018,31,"https://www.scopus.com/inward/record.uri?eid=2-s2.0-85053850209&doi=10.1016%2fj.rse.2018.09.006&partnerID=40&md5=efaf4ac1fb1de3ef629528a5f7336a1e","National Aeronautics and Space Administration

European Research Council","Final"
"Papanikolaou A., Alfred Mohammed E., Hirdaris S.E.","Stochastic uncertainty modelling for ship design loads and operational guidance",2014,30,"https://www.scopus.com/inward/record.uri?eid=2-s2.0-84903718865&doi=10.1016%2fj.oceaneng.2014.01.014&partnerID=40&md5=d3b57d046af1f33f2342151157c2e049","Newcastle University

Sixth Framework Programme

Seventh Framework Programme","Final"
"Park H., Meyer C.R., Wood D., Khan A., Shah R., Hussain H., Siddiqui J., Seo J., Chenevert T., Piert M.","Validation of Automatic Target Volume Definition as Demonstrated for 11C-Choline PET/CT of Human Prostate Cancer Using Multi-modality Fusion Techniques",2010,30,"https://www.scopus.com/inward/record.uri?eid=2-s2.0-77950338172&doi=10.1016%2fj.acra.2010.01.003&partnerID=40&md5=2b0fffe927f488230d1c491185fb8181","National Institutes of Health

National Cancer Institute","Final"
"Qiao L., Zhang L., Chen S., Shen D.","Data-driven graph construction and graph learning: A review",2018,29,"https://www.scopus.com/inward/record.uri?eid=2-s2.0-85048586477&doi=10.1016%2fj.neucom.2018.05.084&partnerID=40&md5=7d47bfe409a9cd828a57abe0989ebb8c","National Institutes of Health

National Natural Science Foundation of China

Natural Science Foundation of Shandong Province","Final"
"Kim S., Kwon D., Shin S., Wilbur W.J.","PIE the search: Searching PubMed literature for protein interaction information",2012,28,"https://www.scopus.com/inward/record.uri?eid=2-s2.0-84857143714&doi=10.1093%2fbioinformatics%2fbtr702&partnerID=40&md5=33e71ae9cb949c2d6fc66379e99799de","National Institutes of Health

U.S. National Library of Medicine

National Research Foundation of Korea","Final"
"Han B., Jung B., Nelson J.S., Choi E.-H.","Analysis of facial sebum distribution using a digital fluorescent imaging system",2007,28,"https://www.scopus.com/inward/record.uri?eid=2-s2.0-34247598858&doi=10.1117%2f1.2435700&partnerID=40&md5=717714fa04ee67c88e6ace055225f621","National Institutes of Health

National Institute of Biomedical Imaging and Bioengineering

Ministry of Trade, Industry and Energy","Final"
"Su X., Sperli G., Moscato V., Picariello A., Esposito C., Choi C.","An Edge Intelligence Empowered Recommender System Enabling Cultural Heritage Applications",2019,25,"https://www.scopus.com/inward/record.uri?eid=2-s2.0-85065877109&doi=10.1109%2fTII.2019.2908056&partnerID=40&md5=fb2d80677791d12a96eb5c285e4732b1","National Natural Science Foundation of China

National Research Foundation of Korea

National Basic Research Program of China (973 Program)","Final"
"Collins C., Andrienko N., Schreck T., Yang J., Choo J., Engelke U., Jena A., Dwyer T.","Guidance in the human–machine analytics process",2018,25,"https://www.scopus.com/inward/record.uri?eid=2-s2.0-85066730342&doi=10.1016%2fj.visinf.2018.09.003&partnerID=40&md5=528019a866eae953bba2345547017de6","Natural Sciences and Engineering Research Council of Canada

European Commission","Final"
"Lin J.C.-W., Ren S., Fournier-Viger P., Hong T.-P., Su J.-H., Vo B.","A fast algorithm for mining high average-utility itemsets",2017,25,"https://www.scopus.com/inward/record.uri?eid=2-s2.0-85014957800&doi=10.1007%2fs10489-017-0896-1&partnerID=40&md5=85efd3e000f73388fbcd730c78192546","National Natural Science Foundation of China","Final"
"Li G., Wang L., Shi F., Lin W., Shen D.","Simultaneous and consistent labeling of longitudinal dynamic developing cortical surfaces in infants",2014,24,"https://www.scopus.com/inward/record.uri?eid=2-s2.0-84926277613&doi=10.1016%2fj.media.2014.06.007&partnerID=40&md5=5b590e4054f1b1b00cb7bc9ea4685d39","National Institutes of Health

National Institute of Mental Health

National Institute on Aging

National Institute of Neurological Disorders and Stroke

National Institute of Biomedical Imaging and Bioengineering

Eunice Kennedy Shriver National Institute of Child Health and Human Development","Final"
"Park S.C., Chapman B.E., Zheng B.","A multistage approach to improve performance of computer-aided detection of pulmonary embolisms depicted on CT Images: Preliminary investigation",2011,24,"https://www.scopus.com/inward/record.uri?eid=2-s2.0-79956358945&doi=10.1109%2fTBME.2010.2063702&partnerID=40&md5=af0985152b61d3802ea670ca21d51368","National Institutes of Health

National Heart, Lung, and Blood Institute

University of Pittsburgh","Final"
"Gao Y., Wang J., Wu W., Sangaiah A.K., Lim S.-J.","A hybrid method for mobile agent moving trajectory scheduling using ACO and PSO in WSNs",2019,23,"https://www.scopus.com/inward/record.uri?eid=2-s2.0-85060913419&doi=10.3390%2fs19030575&partnerID=40&md5=411d853a3115e03427541f0e3083f298","National Natural Science Foundation of China","Final"
"Xu Z., Wu C., Li F., Chen W., Guo T., Kim T.W.","Triboelectric electronic-skin based on graphene quantum dots for application in self-powered, smart, artificial fingers",2018,23,"https://www.scopus.com/inward/record.uri?eid=2-s2.0-85046513702&doi=10.1016%2fj.nanoen.2018.04.059&partnerID=40&md5=3d7ba094952b1fe27002a60efdce1f99","National Natural Science Foundation of China

National Research Foundation of Korea

Ministry of Education, Science and Technology

National Key Research and Development Program of China","Final"
"Ham B., Cho M., Schmid C., Ponce J.","Proposal Flow: Semantic Correspondences from Object Proposals",2018,23,"https://www.scopus.com/inward/record.uri?eid=2-s2.0-85023646116&doi=10.1109%2fTPAMI.2017.2724510&partnerID=40&md5=485fbe587982a566f61c808b1731904b","European Research Council

National Research Foundation of Korea

Ministry of Science ICT and Future Planning

Institut Universitaire de France","Final"
"Bowd C., Weinreb R.N., Balasubramanian M., Lee I., Jang G., Yousefi S., Zangwill L.M., Medeiros F.A., Girkin C.A., Liebmann J.M., Goldbaum M.H.","Glaucomatous patterns in Frequency Doubling Technology (FDT) perimetry data identified by unsupervised machine learning classifiers",2014,23,"https://www.scopus.com/inward/record.uri?eid=2-s2.0-84900432666&doi=10.1371%2fjournal.pone.0085941&partnerID=40&md5=94edc28f25366c5c38a795d72192908c","National Eye Institute","Final"
"Yu C.C.J., Raizen D.M., Fang-Yen C.","Multi-well imaging of development and behavior in Caenorhabditis elegans",2014,21,"https://www.scopus.com/inward/record.uri?eid=2-s2.0-84890831575&doi=10.1016%2fj.jneumeth.2013.11.026&partnerID=40&md5=b3a8628d8e94849f664fc1328c8299e7","National Institutes of Health

NIH Office of the Director

National Institute of Neurological Disorders and Stroke

Ellison Medical Foundation

Alfred P. Sloan Foundation

University of Pennsylvania

National Alliance for Research on Schizophrenia and Depression","Final"
"Lee J.-H., Marzelli M., Jolesz F.A., Yoo S.-S.","Automated classification of fMRI data employing trial-based imagery tasks",2009,21,"https://www.scopus.com/inward/record.uri?eid=2-s2.0-67349187397&doi=10.1016%2fj.media.2009.01.001&partnerID=40&md5=1540eed3752150f38ba434a3165e5662","National Institutes of Health

National Institute of Neurological Disorders and Stroke

National Center for Research Resources","Final"
"Ke Y., Im J., Park S., Gong H.","Spatiotemporal downscaling approaches for monitoring 8-day 30 m actual evapotranspiration",2017,20,"https://www.scopus.com/inward/record.uri?eid=2-s2.0-85013347183&doi=10.1016%2fj.isprsjprs.2017.02.006&partnerID=40&md5=c53991d93b0b076d71535ff6a0a76a1f","National Natural Science Foundation of China

Ministry of Science, ICT and Future Planning

Beijing Nova Program","Final"
"Hadidi R., Cao J., Woodward M., Ryoo M.S., Kim H.","Distributed Perception by Collaborative Robots",2018,18,"https://www.scopus.com/inward/record.uri?eid=2-s2.0-85062003379&doi=10.1109%2fLRA.2018.2856261&partnerID=40&md5=c94fcc42c82625060709ce5d75c9745f","National Science Foundation","Final"
"Wu C., Luo C., Xiong N., Zhang W., Kim T.-H.","A greedy deep learning method for medical disease analysis",2018,18,"https://www.scopus.com/inward/record.uri?eid=2-s2.0-85045217173&doi=10.1109%2fACCESS.2018.2823979&partnerID=40&md5=d5f0fc2a398805595eae4791f7d8912a","Natural Science Foundation of Zhejiang Province","Final"
"Ma F., Zhu Y., Xu Z., Liu Y., Zheng X., Ju S., Li Q., Ni Z., Hu H., Chai Y., Wu C., Kim T.W., Li F.","Optoelectronic Perovskite Synapses for Neuromorphic Computing",2020,17,"https://www.scopus.com/inward/record.uri?eid=2-s2.0-85078670422&doi=10.1002%2fadfm.201908901&partnerID=40&md5=c3d809e2610273d5808cb16ea821fcd1","National Natural Science Foundation of China

National Research Foundation of Korea

Ministry of Education, Science and Technology

National Key Research and Development Program of China","Final"
"Hu L., Tian Y., Yang J., Taleb T., Xiang L., Hao Y.","Ready Player One: UAV-Clustering-Based Multi-Task Offloading for Vehicular VR/AR Gaming",2019,17,"https://www.scopus.com/inward/record.uri?eid=2-s2.0-85068856934&doi=10.1109%2fMNET.2019.1800357&partnerID=40&md5=8df89c04f2fb49be67714df970cb2923","Horizon 2020 Framework Programme

European Research Council

National Natural Science Foundation of China

Academy of Finland

China Postdoctoral Science Foundation","Final"
"Liu W., Chen X., Jeon B., Chen L., Chen B.","Influence maximization on signed networks under independent cascade model",2019,17,"https://www.scopus.com/inward/record.uri?eid=2-s2.0-85055323997&doi=10.1007%2fs10489-018-1303-2&partnerID=40&md5=8a833d78260d91bc83de8ba6836d9f17","National Natural Science Foundation of China

Natural Science Foundation of Jiangsu Province","Final"
"Lee K., Kim B., Choi Y., Kim S., Shin W., Lee S., Park S., Kim S., Tan A.C., Kang J.","Deep learning of mutation-gene-drug relations from the literature",2018,17,"https://www.scopus.com/inward/record.uri?eid=2-s2.0-85041001490&doi=10.1186%2fs12859-018-2029-1&partnerID=40&md5=8b6b5b778e164cdba31e0fee838dbae5","National Cancer Institute

National Research Foundation of Korea","Final"
"Jung U., Jeong M.K., Lu J.-C.","A vertical-energy-thresholding procedure for data reduction with multiple complex curves",2006,17,"https://www.scopus.com/inward/record.uri?eid=2-s2.0-33749386445&doi=10.1109%2fTSMCB.2006.874681&partnerID=40&md5=510cb34213f07b6b66a6caa6a0c45241","National Science Foundation","Final"
"Jun S.B., Hynd M.R., Dowell-Mesfin N.M., Al-Kofahi Y., Roysam B., Shain W., Kim S.J.","Modulation of cultured neural networks using neurotrophin release from hydrogel-coated microelectrode arrays",2008,16,"https://www.scopus.com/inward/record.uri?eid=2-s2.0-47349103340&doi=10.1088%2f1741-2560%2f5%2f2%2f011&partnerID=40&md5=4a68ad3fccf3b230697e09bd37e63857","National Institute of Neurological Disorders and Stroke

National Institute of Biomedical Imaging and Bioengineering","Final"
"Liu Sheng O.R., Wei C.-P., Hu P.J.-H., Chang N.","Automated learning of patient image retrieval knowledge: Neural networks versus inductive decision trees",2000,16,"https://www.scopus.com/inward/record.uri?eid=2-s2.0-0342955040&doi=10.1016%2fS0167-9236%2800%2900092-0&partnerID=40&md5=ea1cdae30470e3b819bffbf8fe71fc85","National Science Foundation

International Business Machines Corporation

U.S. Army

Research Grants Council, University Grants Committee","Final"
"Lee J., Lee K., Joung I.S., Joo K., Brooks B.R., Lee J.","Sigma-RF: Prediction of the variability of spatial restraints in template-based modeling by random forest",2015,15,"https://www.scopus.com/inward/record.uri?eid=2-s2.0-84925402614&doi=10.1186%2fs12859-015-0526-z&partnerID=40&md5=1f7a7d38643b7745bb425457a7341378","National Heart, Lung, and Blood Institute","Final"
"Li B., He M., Wu W., Sangaiah A.K., Jeon G.","Computation offloading algorithm for arbitrarily divisible applications in mobile edge computing environments: An OCR case",2018,14,"https://www.scopus.com/inward/record.uri?eid=2-s2.0-85046998003&doi=10.3390%2fsu10051611&partnerID=40&md5=b71075f65e614d519598b19f83fe3013","National Natural Science Foundation of China","Final"
"Singh S.S., Kim D., Mohler J.L.","Java Web start based software for automated quantitative nuclear analysis of prostate cancer and benign prostate hyperplasia",2005,14,"https://www.scopus.com/inward/record.uri?eid=2-s2.0-27744536503&doi=10.1186%2f1475-925X-4-31&partnerID=40&md5=7fe65c2dcfab3b1dd5807e693e2a9083","National Cancer Institute","Final"
"Son W., Kim K., Amato N.M., Trinkle J.C.","A Generalized Framework for Interactive Dynamic Simulation for Multirigid Bodies",2004,14,"https://www.scopus.com/inward/record.uri?eid=2-s2.0-1842587880&doi=10.1109%2fTSMCB.2003.818434&partnerID=40&md5=b1bd19d0690db1530cae0db0d7ed39ab","National Science Foundation

Texas Higher Education Coordinating Board","Final"
"Bushdid C., De March C.A., Fiorucci S., Matsunami H., Golebiowski J.","Agonists of G-Protein-Coupled Odorant Receptors Are Predicted from Chemical Features",2018,13,"https://www.scopus.com/inward/record.uri?eid=2-s2.0-85046546598&doi=10.1021%2facs.jpclett.8b00633&partnerID=40&md5=ad321d30f26ce1010e379c7b8938eb33","National Science Foundation

National Institutes of Health

NIH Office of the Director

National Institute on Deafness and Other Communication Disorders

Gen Foundation

Agence Nationale de la Recherche

Fondation de France

National Science Foundation","Final"
"Coutinho M., Albuquerque R.O., Borges F., Villalba L.J.G., Kim T.-H.","Learning perfectly secure cryptography to protect communications with adversarial neural cryptography",2018,13,"https://www.scopus.com/inward/record.uri?eid=2-s2.0-85046073653&doi=10.3390%2fs18051306&partnerID=40&md5=1f3a06aab284d8e85a7f2dcb83f0c483","Horizon 2020 Framework Programme

University of Central Missouri

National Graduate School in Scientific Computing

European Commission

Coordenação de Aperfeiçoamento de Pessoal de Nível Superior

Sungshin Women`s University

Universidad Complutense de Madrid

Fundação de Apoio à Pesquisa do Distrito Federal

Horizon 2020","Final"
"Edalat Y., Ahn J.-S., Obraczka K.","Smart Experts for Network State Estimation",2016,13,"https://www.scopus.com/inward/record.uri?eid=2-s2.0-84991390927&doi=10.1109%2fTNSM.2016.2586506&partnerID=40&md5=99d3c532a402f39c0207ad0359667e09","National Science Foundation","Final"
"Guo Y., Gao Y., Shao Y., Price T., Oto A., Shen D.","Deformable segmentation of 3D MR prostate images via distributed discriminative dictionary and ensemble learning",2014,13,"https://www.scopus.com/inward/record.uri?eid=2-s2.0-84903738961&doi=10.1118%2f1.4884224&partnerID=40&md5=fb10b2f4e21485a34fd8c52d1be8469b","National Cancer Institute

National Center for Advancing Translational Sciences","Final"
"Chae H., Park J., Lee S.-W., Nephew K.P., Kim S.","Comparative analysis using K-mer and K-flank patterns provides evidence for CpG island sequence evolution in mammalian genomes",2013,13,"https://www.scopus.com/inward/record.uri?eid=2-s2.0-84877301094&doi=10.1093%2fnar%2fgkt144&partnerID=40&md5=360b2dcaf174e602752fb63c92862103","National Institutes of Health

Seoul National University

Rural Development Administration

National Research Foundation of Korea

Ministry of Education, Science and Technology","Final"
"Yoon S., Welsh W.J., Jung H., Yoo Y.D.","CSSP2: An improved method for predicting contact-dependent secondary structure propensity",2007,13,"https://www.scopus.com/inward/record.uri?eid=2-s2.0-35148821507&doi=10.1016%2fj.compbiolchem.2007.06.002&partnerID=40&md5=1953310e23e85c4b5e5cf4d61476629d","U.S. National Library of Medicine

National Research Foundation of Korea

Korea Science and Engineering Foundation

Ministry of Science and Technology, Taiwan","Final"
"Ye D., Yu R., Pan M., Han Z.","Federated Learning in Vehicular Edge Computing: A Selective Model Aggregation Approach",2020,12,"https://www.scopus.com/inward/record.uri?eid=2-s2.0-85079643855&doi=10.1109%2fACCESS.2020.2968399&partnerID=40&md5=24d503715261c3ff3b06d42fe52e0b01","National Natural Science Foundation of China

Natural Science Foundation of Guangxi Province

Science and Technology Major Project of Guangxi","Final"
"Gao Y., Shen D.","Collaborative regression-based anatomical landmark detection",2015,12,"https://www.scopus.com/inward/record.uri?eid=2-s2.0-84957922569&doi=10.1088%2f0031-9155%2f60%2f24%2f9377&partnerID=40&md5=5972d2078ff214519b959e9bcd534516","National Cancer Institute","Final"
"Gao Y., Zhan Y., Shen D.","Incremental learning with selective memory (ILSM): Towards fast prostate localization for image guided radiotherapy",2014,12,"https://www.scopus.com/inward/record.uri?eid=2-s2.0-84894103205&doi=10.1109%2fTMI.2013.2291495&partnerID=40&md5=151e438a9e43b9a4300dbc1b499b6607","National Cancer Institute

National Institute of Dental and Craniofacial Research","Final"
"Brown D.A., Lazar N.A., Datta G.S., Jang W., McDowell J.E.","Incorporating spatial dependence into Bayesian multiple testing of statistical parametric maps in functional neuroimaging",2014,12,"https://www.scopus.com/inward/record.uri?eid=2-s2.0-84883713295&doi=10.1016%2fj.neuroimage.2013.08.024&partnerID=40&md5=1fcd993a6543e5279e5784e58a003ed7","National Science Foundation

National Institute of Mental Health

National Security Agency

National Research Foundation of Korea

Kementerian Pendidikan Malaysia","Final"
"Xia Y., Wang G.-Y., Zhang X., Kim G.-B., Bae H.-Y.","Spatio-temporal Similarity Measure for Network Constrained Trajectory Data",2011,12,"https://www.scopus.com/inward/record.uri?eid=2-s2.0-84860862828&doi=10.1080%2f18756891.2011.9727855&partnerID=40&md5=26144442f2656e9d7e59125104ede607","National Natural Science Foundation of China","Final"
"Choi J.Y., Hightower G.K., Wong J.K., Heaton R., Woods S., Grant I., Marcotte T.D., Ellis R.J., Letendre S.L., Collier A.C., Marra C.M., Clifford D.B., Gelman B.B., McArthur J.C., Morgello S., Simpson D.M., McCutchan J.A., Richman D.D., Smith D.M.","Genetic features of cerebrospinal fluid-derived subtype B HIV-1 tat",2012,11,"https://www.scopus.com/inward/record.uri?eid=2-s2.0-84863701773&doi=10.1007%2fs13365-011-0059-9&partnerID=40&md5=306c4691b2f2095cc2658493b1eb89f2","National Institute of Mental Health

National Institute of Allergy and Infectious Diseases","Final"
"Park S.C., Leader J.K., Tan J., Lee G.S., Kim S.H., Na I.S., Zheng B.","Separation of left and right lungs using 3-dimensional information of sequential computed tomography images and a guided dynamic programming algorithm",2011,11,"https://www.scopus.com/inward/record.uri?eid=2-s2.0-79953809058&doi=10.1097%2fRCT.0b013e31820e4389&partnerID=40&md5=6f3c79de1f06ef13567240857b671abb","National Heart, Lung, and Blood Institute","Final"
"Choi Y., Kim J.-H., Qian C., Kang J., Hersam M.C., Park J.-H., Cho J.H.","Gate-Tunable Synaptic Dynamics of Ferroelectric-Coupled Carbon-Nanotube Transistors",2020,10,"https://www.scopus.com/inward/record.uri?eid=2-s2.0-85078673748&doi=10.1021%2facsami.9b17742&partnerID=40&md5=e700b9239b827fae7da104fab63c153d","National Science Foundation

Northwestern University

Materials Research Science and Engineering Center, Harvard University

Ministry of Science, ICT and Future Planning

National Research Foundation of Korea","Final"
"Lee M., Su S.Y.W., Lam H.","Event and rule services for achieving a Web-based knowledge network",2004,10,"https://www.scopus.com/inward/record.uri?eid=2-s2.0-4444279722&doi=10.1016%2fj.knosys.2004.04.005&partnerID=40&md5=edcfcbb046d12b6aca4bd370b257aeb3","National Science Foundation","Final"
"Yang Z., Leng L., Kim B.-G.","Stoolnet for color classification of stool medical images",2019,9,"https://www.scopus.com/inward/record.uri?eid=2-s2.0-85075929412&doi=10.3390%2felectronics8121464&partnerID=40&md5=c0a29b1bb3852ee40ef6ed5bebd0de6a","Research and Development

National Natural Science Foundation of China

China Scholarship Council

Sichuan Province Youth Science and Technology Innovation Team

Jiangxi Provincial Department of Science and Technology

Ministry of Public Security of the People's Republic of China","Final"
"Kim S., Park T., Kon M.","Cancer survival classification using integrated data sets and intermediate information",2014,9,"https://www.scopus.com/inward/record.uri?eid=2-s2.0-84926250471&doi=10.1016%2fj.artmed.2014.06.003&partnerID=40&md5=15b3361df21e41010a68ba8044e8cf26","National Institutes of Health

National Institute of General Medical Sciences

Ministry of Education, Science and Technology","Final"
"Zheng H.-T., Borchert C., Jiang Y.","A knowledge-driven approach to biomedical document conceptualization",2010,9,"https://www.scopus.com/inward/record.uri?eid=2-s2.0-77953362587&doi=10.1016%2fj.artmed.2010.02.005&partnerID=40&md5=deda5425c6ecace7f7323c96928d71db","National Natural Science Foundation of China","Final"
"Lee Y., Choi J., Ko N.Y., Choi H.-T.","Probability-based recognition framework for underwater landmarks using sonar images",2017,8,"https://www.scopus.com/inward/record.uri?eid=2-s2.0-85028334890&doi=10.3390%2fs17091953&partnerID=40&md5=550775731d27212c5ba7d6129ccc3f02","National Institute of Neurological Disorders and Stroke

Ministry of Trade, Industry and Energy

Korea Food Research Institute","Final"
"Cai E., Juan D.-C., Garg S., Park J., Marculescu D.","Learning-Based Power/Performance Optimization for Many-Core Systems with Extended-Range Voltage/Frequency Scaling",2016,8,"https://www.scopus.com/inward/record.uri?eid=2-s2.0-84979609009&doi=10.1109%2fTCAD.2015.2504330&partnerID=40&md5=a675ee5bc615d416862ec05bb2fe66d0","National Science Foundation

Samsung","Final"
"Sachnev V., Saraswathi S., Niaz R., Kloczkowski A., Suresh S.","Multi-class BCGA-ELM based classifier that identifies biomarkers associated with hallmarks of cancer",2015,8,"https://www.scopus.com/inward/record.uri?eid=2-s2.0-84930679483&doi=10.1186%2fs12859-015-0565-5&partnerID=40&md5=71c3e0681ee08c21b8c1253042bc5464","National Science Foundation

National Institute of General Medical Sciences","Final"
"Wang X., Li J., Wang L., Yang C., Han Z.","Intelligent User-Centric Network Selection: A Model-Driven Reinforcement Learning Framework",2019,7,"https://www.scopus.com/inward/record.uri?eid=2-s2.0-85062822457&doi=10.1109%2fACCESS.2019.2898205&partnerID=40&md5=a16d123e48199d6c6f0b5f8c6525880e","National Science Foundation

National Natural Science Foundation of China

China Postdoctoral Science Foundation

Shaanxi Province Postdoctoral Science Foundation

Higher Education Discipline Innovation Project","Final"
"Liu Z., Yazdanbakhsh A., Park T., Esmaeilzadeh H., Kim N.S.","SiMul: An Algorithm-Driven Approximate Multiplier Design for Machine Learning",2018,7,"https://www.scopus.com/inward/record.uri?eid=2-s2.0-85051440088&doi=10.1109%2fMM.2018.043191125&partnerID=40&md5=b4028296a2048622d8925c25eb3849ef","National Science Foundation

Samsung","Final"
"Cornu P., Phansalkar S., Seger D.L., Cho I., Pontefract S., Robertson A., Bates D.W., Slight S.P.","High-priority and low-priority drug–drug interactions in different international electronic health record systems: A comparative study",2018,7,"https://www.scopus.com/inward/record.uri?eid=2-s2.0-85044750280&doi=10.1016%2fj.ijmedinf.2017.12.027&partnerID=40&md5=8a25a5c95c5436a56b8159194341417e","Agency for Healthcare Research and Quality

Ministry of Education","Final"
"Chen Y., Djamasbi S., Du J., Lim S.","Integer-valued DEA super-efficiency based on directional distance function with an application of evaluating mood and its impact on performance",2013,7,"https://www.scopus.com/inward/record.uri?eid=2-s2.0-84886729753&doi=10.1016%2fj.ijpe.2013.07.009&partnerID=40&md5=6f00afd5907b9ac3e8606c3a450b74d9","National Natural Science Foundation of China

China Postdoctoral Science Foundation","Final"
"Pyun K., Lim J., Gray R.M.","A robust hidden Markov Gauss mixture vector quantizer for a noisy source",2009,7,"https://www.scopus.com/inward/record.uri?eid=2-s2.0-67649835992&doi=10.1109%2fTIP.2009.2019433&partnerID=40&md5=3492b57fe8578b0508d004f8d6ce94cc","National Science Foundation

Seoul National University","Final"
"Gao Y., Wang J., Wu W., Sangaiah A.K., Lim S.-J.","Travel route planning with optimal coverage in difficult wireless sensor network environment",2019,6,"https://www.scopus.com/inward/record.uri?eid=2-s2.0-85065088931&doi=10.3390%2fs19081838&partnerID=40&md5=1fd0b9d7802e7417e9f1bf98a1ab5d50","National Natural Science Foundation of China","Final"
"Bae Y., Kumarasamy K., Ali I.M., Korfiatis P., Akkus Z., Erickson B.J.","Differences Between Schizophrenic and Normal Subjects Using Network Properties from fMRI",2018,6,"https://www.scopus.com/inward/record.uri?eid=2-s2.0-85029583461&doi=10.1007%2fs10278-017-0020-4&partnerID=40&md5=6673928ff85464d5a43f09f18e39ccf7","National Cancer Institute","Final"
"Sung N.-D., Cho Y.-K., Kwon B.-M., Kwan H.H., Chan K.K.","3D QSAR studies on cinnamaldehyde analogues as farnesyl protein transferase inhibitors",2004,6,"https://www.scopus.com/inward/record.uri?eid=2-s2.0-16644365167&doi=10.1007%2fBF02975421&partnerID=40&md5=8f5c409f006eedf82687e537f6edec0a","European Research Council

Inha University

Korea Science and Engineering Foundation","Final"
"Li L., Zhang Z., Xue K., Wang M., Pan M., Han Z.","aI-aided Downlink Interference Control in Dense Interference-aware Drone Small Cells Networks",2020,5,"https://www.scopus.com/inward/record.uri?eid=2-s2.0-85079824242&doi=10.1109%2faCCESS.2020.2966740&partnerID=40&md5=19be96f644f10a6ef98c05efe3d45b40","National Natural Science Foundation of China

Northwestern Polytechnical University

China Aerospace Science and Technology Corporation

Fundamental Research Funds for the Central Universities

Shanghai Aerospace Science and Technology Innovation Foundation","Final"
"Ma J., Kang H.J., Kim J.Y., Jeong H.S., Im J.J., Namgung E., Kim M.J., Lee S., Kim T.D., Oh J.K., Chung Y.-A., Lyoo I.K., Lim S.M., Yoon S.","Network attributes underlying intellectual giftedness in the developing brain",2017,5,"https://www.scopus.com/inward/record.uri?eid=2-s2.0-85044950661&doi=10.1038%2fs41598-017-11593-3&partnerID=40&md5=ba5a93730da6fdf35b1554c7df045e19","National Institute on Drug Abuse

National Research Foundation of Korea","Final"
"Lee C.-H., Shin D.-G.","Using Hellinger distance in a nearest neighbour classifier for relational databases",1999,5,"https://www.scopus.com/inward/record.uri?eid=2-s2.0-0033331146&doi=10.1016%2fS0950-7051%2899%2900041-6&partnerID=40&md5=5fc41e8f3400620eca21429e4f0d5e1b","Dongguk University

National Institutes of Health","Final"
"Sethi I.K., Yoo J.H.","Symbolic mapping of neurons in feedforward networks",1996,5,"https://www.scopus.com/inward/record.uri?eid=2-s2.0-0030565470&doi=10.1016%2f0167-8655%2896%2900069-4&partnerID=40&md5=0e51cd28ae2950a7f4e8055eaeab3857","National Science Foundation

Electric Power Research Institute","Final"
"Li Z., Zhang J., Tan T., Teng X., Sun X., Zhao H., Liu L., Xiao Y., Lee B., Li Y., Zhang Q., Sun S., Zheng Y., Yan J., Li N., Hong Y., Ko J., Jung H., Liu Y., Chen Y.-C., Wang C.-W., Yurovskiy V., Maevskikh P., Khanagha V., Jiang Y., Yu L., Liu Z., Li D., Schuffler P.J., Yu Q., Chen H., Tang Y., Litjens G.","Deep Learning Methods for Lung Cancer Segmentation in Whole-Slide Histopathology Images - The ACDC@LungHP Challenge 2019",2021,4,"https://www.scopus.com/inward/record.uri?eid=2-s2.0-85096836394&doi=10.1109%2fJBHI.2020.3039741&partnerID=40&md5=0ff86367c53ae75db5f514a5daeaf817","National Institutes of Health

National Cancer Institute

National Natural Science Foundation of China

Natural Science Foundation of Hunan Province","Final"
"Ha S.-Y., Jin S., Kim D.","Convergence of a first-order consensus-based global optimization algorithm",2020,4,"https://www.scopus.com/inward/record.uri?eid=2-s2.0-85095986316&doi=10.1142%2fS0218202520500463&partnerID=40&md5=65bf99844bdca98efd9f3a8f1b079d8a","National Natural Science Foundation of China

National Research Foundation of Korea","Final"
"Yin X., Niu Z., He Z., Li Z., Lee D.","An integrated computational intelligence technique based operating parameters optimization scheme for quality improvement oriented process-manufacturing system",2020,4,"https://www.scopus.com/inward/record.uri?eid=2-s2.0-85077803876&doi=10.1016%2fj.cie.2020.106284&partnerID=40&md5=457244cf523cbc0609545d86074163de","National Natural Science Foundation of China

China Scholarship Council","Final"
"Kang M., Ramaswami G.K., Hodkiewicz M., Cripps E., Kim J.-M.","A sequential k-nearest neighbor classification approach for data-driven fault diagnosis using distance- and density-based affinity measures",2016,4,"https://www.scopus.com/inward/record.uri?eid=2-s2.0-85008514401&doi=10.1007%2f978-3-319-40973-3_25&partnerID=40&md5=32b72d0ecbb25ed49345981438489a4c","National Natural Science Foundation of China","Final"
"Sun K.-W., Lee C.H., Xie X.-F.","MLHN: A Hypernetwork Model for Multi-Label Classification",2015,4,"https://www.scopus.com/inward/record.uri?eid=2-s2.0-84939414755&doi=10.1142%2fS0218001415500202&partnerID=40&md5=9a7062d0a1c177dadcc764d4a82ca343","National Natural Science Foundation of China

Chongqing University of Posts and Telecommunications

China Scholarship Council","Final"
"Wu C., Du J., Liu Y., Xiong N., Jeong K., Yang G., Gao L.","An energy balancing routing algorithm for mobile sensor networks",2013,4,"https://www.scopus.com/inward/record.uri?eid=2-s2.0-84893437941&doi=10.1166%2fsl.2013.3011&partnerID=40&md5=c9f614d482057464e11cb045d222c0f3",,"Final"
"Ma T., Yan Q., Tian W., Guan D., Lee S.","Replica creation strategy based on quantum evolutionary algorithm in data gird",2013,4,"https://www.scopus.com/inward/record.uri?eid=2-s2.0-84874666414&doi=10.1016%2fj.knosys.2013.01.020&partnerID=40&md5=03c46f3683b23a9b4947f9699dddcd6b","National Natural Science Foundation of China

China Postdoctoral Science Foundation

Priority Academic Program Development of Jiangsu Higher Education Institutions","Final"
"Yi S.-G., Park T., Lee J.K.","Response projected clustering for direct association with physiological and clinical response data",2008,4,"https://www.scopus.com/inward/record.uri?eid=2-s2.0-41249096891&doi=10.1186%2f1471-2105-9-76&partnerID=40&md5=8dbb09a5b556aa430afb957dea37cbcb","National Heart, Lung, and Blood Institute","Final"
"Feng J., Chen D., Pikhitsa P.V., Jung Y.-H., Yang J., Choi M.","Unconventional Alloys Confined in Nanoparticles: Building Blocks for New Matter",2020,3,"https://www.scopus.com/inward/record.uri?eid=2-s2.0-85090057142&doi=10.1016%2fj.matt.2020.07.027&partnerID=40&md5=62ad817cd2d8ad70db098fe9e8763403","National Natural Science Foundation of China

Ministry of Science, ICT and Future Planning

National Research Foundation of Korea","Final"
"Lu R., Li Y.-C., Li Y., Jiang J., Ding Y.","Multi-agent deep reinforcement learning based demand response for discrete manufacturing systems energy management",2020,3,"https://www.scopus.com/inward/record.uri?eid=2-s2.0-85087633481&doi=10.1016%2fj.apenergy.2020.115473&partnerID=40&md5=8c8a3ef808037755a16d1655a32416b3","National Natural Science Foundation of China

Fundamental Research Funds for the Central Universities","Final"
"Jiang S., Yao W., Wong M.S., Li G., Hong Z., Kuc T.-Y., Tong X.","An Optimized Deep Neural Network Detecting Small and Narrow Rectangular Objects in Google Earth Images",2020,3,"https://www.scopus.com/inward/record.uri?eid=2-s2.0-85083296409&doi=10.1109%2fJSTARS.2020.2975606&partnerID=40&md5=00a7c7ae7ba6c20f426ee50252d10723","National Natural Science Foundation of China

Ministry of Trade, Industry and Energy

Korea Evaluation Institute of Industrial Technology

Hong Kong Polytechnic University

Research Institute for Sustainable Urban Development, Hong Kong Polytechnic University

Shanghai Rising-Star Program","Final"
"Afzal M., Riazul Islam S.M., Hussain M., Lee S.","Precision Medicine Informatics: Principles, Prospects, and Challenges",2020,3,"https://www.scopus.com/inward/record.uri?eid=2-s2.0-85079804832&doi=10.1109%2fACCESS.2020.2965955&partnerID=40&md5=7f38a6c10a5562234f155d548a1a3e9a","European Commission

National Health and Medical Research Council

Ministry of Science, ICT and Future Planning

Department of Health, Government of Western Australia

Institute for Information and Communications Technology Promotion

Innovative Medicines Initiative","Final"
"Hwang H.-J., Baek J.-W., Kim J.-Y., Kim C.-S.","Prediction of bond performance of tension lap splices using artificial neural networks",2019,3,"https://www.scopus.com/inward/record.uri?eid=2-s2.0-85070867697&doi=10.1016%2fj.engstruct.2019.109535&partnerID=40&md5=21309bfec24581286cca7b0fbf397c88","National Natural Science Foundation of China

Seoul National University of Science and Technology","Final"
"Naveau P., Oh H.-S.","Polynomial wavelet regression for images with irregular boundaries",2004,3,"https://www.scopus.com/inward/record.uri?eid=2-s2.0-2942531230&doi=10.1109%2fTIP.2003.821345&partnerID=40&md5=f7dba6624e4e82320244dd324985cf07","National Science Foundation","Final"
"Li W., Ding Y., Yang Y., Sherratt R.S., Park J.H., Wang J.","Parameterized algorithms of fundamental NP-hard problems: a survey",2020,2,"https://www.scopus.com/inward/record.uri?eid=2-s2.0-85084453723&doi=10.1186%2fs13673-020-00226-w&partnerID=40&md5=b9ca70335af938d3adc4f124b2818dfa","National Natural Science Foundation of China","Final"
"Calvanese Strinati E., Barbarossa S., Choi T., Pietrabissa A., Giuseppi A., De Santis E., Vidal J., Becvar Z., Haustein T., Cassiau N., Costanzo F., Kim J., Kim I.","6G in the sky: On-demand intelligence at the edge of 3D networks (Invited paper)",2020,2,"https://www.scopus.com/inward/record.uri?eid=2-s2.0-85092892314&doi=10.4218%2fetrij.2020-0205&partnerID=40&md5=b043c85ceb285b91a221f7ac859f7b6b","Grantová Agentura České Republiky

Horizon 2020

Institute for Information and Communications Technology Promotion

Ministry of Science and ICT, South Korea","Final"
"Seol H.Y., Rolfes M.C., Chung W., Sohn S., Ryu E., Park M.A., Kita H., Ono J., Croghan I., Armasu S.M., Castro-Rodriguez J.A., Weston J.D., Liu H., Juhn Y.","Expert artificial intelligence-based natural language processing characterises childhood asthma",2020,2,"https://www.scopus.com/inward/record.uri?eid=2-s2.0-85078661728&doi=10.1136%2fbmjresp-2019-000524&partnerID=40&md5=aef1ef2bce34fc63b508fef7c313487f","National Institutes of Health

National Institute on Aging

National Center for Advancing Translational Sciences","Final"
"Nasir I.M., Bibi A., Shah J.H., Khan M.A., Sharif M., Iqbal K., Nam Y., Kadry S.","Deep learning-based classification of fruit diseases: An application for precision agriculture",2020,2,"https://www.scopus.com/inward/record.uri?eid=2-s2.0-85097140028&doi=10.32604%2fcmc.2020.012945&partnerID=40&md5=03a03a5f20d41ebaa7952d24ddba15d8","Division of Human Resource Development

Soonchunhyang University

Ministry of Science and ICT, South Korea","Final"
"Cui Z., Lu Z., Yang H., Zhang Y., Zhang S.","A Novel Range Search Scheme Based on Frequent Computing for Edge-Cloud Collaborative Computing in CPSS",2020,2,"https://www.scopus.com/inward/record.uri?eid=2-s2.0-85085131462&doi=10.1109%2fACCESS.2020.2991068&partnerID=40&md5=1b92ca7a1c6540d383b24c9ec105924b","National Natural Science Foundation of China","Final"
"Cho I.-J., Sung J.M., Kim H.C., Lee S.-E., Chae M.-H., Kavousi M., Rueda-Ochoa O.L., Ikram M.A., Franco O.H., Min J.K., Chang H.-J.","Development and external validation of a deep learning algorithm for prognostication of cardiovascular outcomes",2020,2,"https://www.scopus.com/inward/record.uri?eid=2-s2.0-85077470741&doi=10.4070%2fkcj.2019.0105&partnerID=40&md5=a4bdc194738b4f2418bf38569ddb2252","Departamento Administrativo de Ciencia, Tecnología e Innovación (COLCIENCIAS)

European Commission

ZonMw

Erasmus Medisch Centrum

Ministerio de Educación, Cultura y Deporte

Nederlandse Organisatie voor Wetenschappelijk Onderzoek

Institute for Information and Communications Technology Promotion

Ministry of Science and ICT, South Korea","Final"
"Kong C.S., Haverty M., Simka H., Shankar S., Rajan K.","A fast hybrid methodology based on machine learning, quantum methods, and experimental measurements for evaluating material properties",2017,2,"https://www.scopus.com/inward/record.uri?eid=2-s2.0-85027237771&doi=10.1088%2f1361-651X%2faa7347&partnerID=40&md5=25f5a147982638709ea1bb31a7ca3bc6","National Science Foundation

Division of Materials Research

Hearst Foundations

Intel Corporation

State University of New York

Harvard School of Engineering and Applied Sciences","Final"
"Ramos C., Martinho D., Marreiros G., Villarrubia G., De Paz J.F., Corchado J.M., Ko H., Kim H.-K., Yoe H.","Ekrucami architecture-applications in healthcare domain",2017,2,"https://www.scopus.com/inward/record.uri?eid=2-s2.0-85030174343&doi=10.3233%2f978-1-61499-804-4-140&partnerID=40&md5=7a6ce3674ec2fc9aa758be02717cc4fd","Seventh Framework Programme

FP7 People: Marie-Curie Actions

Research Executive Agency

Ministry of Science, ICT and Future Planning

National Research Foundation of Korea","Final"
"Pfob A., Sidey-Gibbons C., Lee H.-B., Tasoulis M.K., Koelbel V., Golatta M., Rauch G.M., Smith B.D., Valero V., Han W., MacNeill F., Weber W.P., Rauch G., Kuerer H.M., Heil J.","Identification of breast cancer patients with pathologic complete response in the breast after neoadjuvant systemic treatment by an intelligent vacuum-assisted biopsy",2021,1,"https://www.scopus.com/inward/record.uri?eid=2-s2.0-85097664757&doi=10.1016%2fj.ejca.2020.11.006&partnerID=40&md5=18361343bc92965c581e33b62859d0b6","National Institutes of Health

Deutsche Forschungsgemeinschaft

Seoul National University Hospital

Institute for Information and Communications Technology Promotion","Final"
"Biousse V., Newman N.J., Najjar R.P., Vasseneix C., Xu X., Ting D.S., Milea L.B., Hwang J.-M., Kim D.H., Yang H.K., Hamann S., Chen J.J., Liu Y., Wong T.Y., Milea D., Rondé-Courbis B., Gohier P., Miller N., Padungkiatsagul T., Poonyathalang A., Suwan Y., Vanikieti K., Milea L.B., Amore G., Barboni P., Carbonelli M., Carelli V., La Morgia C., Romagnoli M., Rougier M.-B., Ambika S., Komma S., Fonseca P., Raimundo M., Karlesand I., Alexander Lagrèze W., Sanda N., Thumann G., Aptel F., Chiquet C., Liu K., Yang H., Chan C.K.M., Chan N.C.Y., Cheung C.Y., Chau Tran T.H., Acheson J., Habib M.S., Jurkute N., Yu-Wai-Man P., Kho R., Jonas J.B., Sabbagh N., Vignal-Clermont C., Hage R., Khanna R.K., Aung T., Cheng C.-Y., Lamoureux E., Loo J.L., Najjar R.P., Singhal S., Ting D., Tow S., Jiang Z., Fraser C.L., Mejico L.J., Fard M.A.","Optic Disc Classification by Deep Learning versus Expert Neuro-Ophthalmologists",2020,1,"https://www.scopus.com/inward/record.uri?eid=2-s2.0-85089082629&doi=10.1002%2fana.25839&partnerID=40&md5=6200b34b1c9de59fe85ae4eff65dcb8a","National Eye Institute

National Medical Research Council","Final"
"Lee D., He N., Kamalaruban P., Cevher V.","Optimization for Reinforcement Learning: From a single agent to cooperative agents",2020,1,"https://www.scopus.com/inward/record.uri?eid=2-s2.0-85084554989&doi=10.1109%2fMSP.2020.2976000&partnerID=40&md5=d13e55caed9d33a28c1356b728efda9c","National Science Foundation","Final"
"Tsai K.C., Hu W., Wu X., Chen J., Han Z.","Automatic First Arrival Picking via Deep Learning with Human Interactive Learning",2020,1,"https://www.scopus.com/inward/record.uri?eid=2-s2.0-85078801167&doi=10.1109%2fTGRS.2019.2946118&partnerID=40&md5=30404627cde74d11975eaa3616cf7251","National Science Foundation

Division of Computer and Network Systems

Cognitive Neuroscience Society","Final"
"Zhao B., Liu J., Wei Z., You I.","A deep reinforcement learning based approach for energy-efficient channel allocation in satellite internet of things",2020,1,"https://www.scopus.com/inward/record.uri?eid=2-s2.0-85083422247&doi=10.1109%2fACCESS.2020.2983437&partnerID=40&md5=5a990816f25bd42659632c4d7596f6d0","National Natural Science Foundation of China

Soonchunhyang University","Final"
"Ma F., Xu Z., Liu Y., Zheng Y., Chen W., Hu H., Guo T., Li F., Wu C., Kim T.W.","Highly Reliable Electronic Synapse Based on Au@Al2O3 Core-Shell Nanoparticles for Neuromorphic Applications",2019,1,"https://www.scopus.com/inward/record.uri?eid=2-s2.0-85077742793&doi=10.1109%2fLED.2019.2934895&partnerID=40&md5=39c559a5ed90eb91d63f4facd697785b","National Natural Science Foundation of China

National Research Foundation of Korea

Ministry of Education, Science and Technology

National Basic Research Program of China (973 Program)","Final"
"Wang P., Sun L., Niraj R., Chung J., Su M.","Incorporating reference products into modeling consumer choice decision: A mixtures-of-experts model",2019,1,"https://www.scopus.com/inward/record.uri?eid=2-s2.0-85062825031&doi=10.1016%2fj.dss.2019.02.002&partnerID=40&md5=24c2cc6a6ed4e7203da8c776798781a8","National Natural Science Foundation of China

National Office for Philosophy and Social Sciences","Final"
"Aaly Kologani M., Jun Y.B., Xin X.L., Roh E.H., Borzooei R.A.","On co-annihilators in hoops",2019,1,"https://www.scopus.com/inward/record.uri?eid=2-s2.0-85074474560&doi=10.3233%2fJIFS-190565&partnerID=40&md5=52912f104f076a977258508f1c1a2e71","National Natural Science Foundation of China","Final"
"Lee S.H., Henschen L.J.","Evaluation of Recursive Queries with Extended Rules in Deductive Databases",1995,1,"https://www.scopus.com/inward/record.uri?eid=2-s2.0-0029292831&doi=10.1109%2f69.382302&partnerID=40&md5=6af752309072924e438070b1bb60befe","National Science Foundation

Korea Science and Engineering Foundation","Final"
"El-Sappagh S., Alonso J.M., Islam S.M.R., Sultan A.M., Kwak K.S.","A multilayer multimodal detection and prediction model based on explainable artificial intelligence for Alzheimer’s disease",2021,,"https://www.scopus.com/inward/record.uri?eid=2-s2.0-85100118850&doi=10.1038%2fs41598-021-82098-3&partnerID=40&md5=9d3cc991a44140231bc477f6d040aee4","National Institutes of Health

U.S. Department of Defense

National Institute on Aging

National Institute of Biomedical Imaging and Bioengineering

Alzheimer's Disease Neuroimaging Initiative

Ministerio de Ciencia, Innovación y Universidades

Ministry of Science, ICT and Future Planning

National Research Foundation of Korea

European Regional Development Fund","Final"
"Kim T., Song H.","How should intelligent agents apologize to restore trust? Interaction effects between anthropomorphism and apology attribution on trust repair",2021,,"https://www.scopus.com/inward/record.uri?eid=2-s2.0-85101831120&doi=10.1016%2fj.tele.2021.101595&partnerID=40&md5=cdaf5d0eb2b975d29d352872095e8341","Division of Human Resource Development

Ministry of Science, ICT and Future Planning

Institute for Information and Communications Technology Promotion

Ministry of Science and ICT, South Korea","Final"
"Lee D., Almeida J.","Within-category representational stability through the lens of manipulable objects",2021,,"https://www.scopus.com/inward/record.uri?eid=2-s2.0-85101782496&doi=10.1016%2fj.cortex.2020.12.026&partnerID=40&md5=21bf8cea19b592a40d167d5fee14dccc","European Research Council

National Research Foundation of Korea

Kementerian Pendidikan Malaysia","Final"
"Zhang X., Liu X., Sarkodie-Gyan T., Li Z.","Development of a character CAPTCHA recognition system for the visually impaired community using deep learning",2021,,"https://www.scopus.com/inward/record.uri?eid=2-s2.0-85098589950&doi=10.1007%2fs00138-020-01160-8&partnerID=40&md5=07c3c53076cd1bef56e59aafd46448f7","National Natural Science Foundation of China

Natural Science Foundation of Jiangsu Province

Priority Academic Program Development of Jiangsu Higher Education Institutions","Final"
"Xu Z., Wu C., Zhu Y., Ju S., Ma F., Guo T., Li F., Kim T.W.","Bio-inspired smart electronic-skin based on inorganic perovskite nanoplates for application in photomemories and mechanoreceptors",2021,,"https://www.scopus.com/inward/record.uri?eid=2-s2.0-85099255825&doi=10.1039%2fd0nr06550a&partnerID=40&md5=a7f315f1382cfd2d5e80f8db3a804c37","National Natural Science Foundation of China

National Research Foundation of Korea

Ministry of Education, Science and Technology

National Key Research and Development Program of China","Final"
"Stenzinger A., Alber M., Allgäuer M., Jurmeister P., Bockmayr M., Budczies J., Lennerz J., Eschrich J., Kazdal D., Schirmacher P., Wagner A.H., Tacke F., Capper D., Müller K.-R., Klauschen F.","Artificial intelligence and pathology: From principles to practice and future applications in histomorphology and molecular profiling",2021,,"https://www.scopus.com/inward/record.uri?eid=2-s2.0-85102118746&doi=10.1016%2fj.semcancer.2021.02.011&partnerID=40&md5=4e7e1a4f41f50a7ef2811123edf6b584","National Institutes of Health

Deutsche Forschungsgemeinschaft

Bundesministerium für Bildung und Forschung

Institute for Information and Communications Technology Promotion

Deutsche Zentrum für Lungenforschung

Deutschen Konsortium für Translationale Krebsforschung

Berlin Institute of Health","Article in Press"
"Fournier-Viger P., Wang Y., Yang P., Lin J.C.-W., Yun U., Kiran R.U.","TSPIN: mining top-k stable periodic patterns",2021,,"https://www.scopus.com/inward/record.uri?eid=2-s2.0-85100317587&doi=10.1007%2fs10489-020-02181-6&partnerID=40&md5=6f437dd7f518b77d5ea2d1cf269b4901","Harbin Institute of Technology

National Natural Science Foundation of China","Article in Press"
"Benzaïd C., Taleb T.","AI for beyond 5G Networks: A Cyber-Security Defense or Offense Enabler?",2020,,"https://www.scopus.com/inward/record.uri?eid=2-s2.0-85091351082&doi=10.1109%2fMNET.011.2000088&partnerID=40&md5=ee24248f30267b14732d62405eaf04d0","Horizon 2020 Framework Programme

Suomen Akatemia","Final"
"Lee S., Choe E.K., Kim S.Y., Kim H.S., Park K.J., Kim D.","Liver imaging features by convolutional neural network to predict the metachronous liver metastasis in stage I-III colorectal cancer patients based on preoperative abdominal CT scan",2020,,"https://www.scopus.com/inward/record.uri?eid=2-s2.0-85091128681&doi=10.1186%2fs12859-020-03686-0&partnerID=40&md5=1ad1b157b54f85b4e5f33f0c11d23c00","U.S. National Library of Medicine","Final"
"Xu-Monette Z.Y., Zhang H., Zhu F., Tzankov A., Bhagat G., Visco C., Dybkaer K., Chiu A., Tam W., Zu Y., Hsi E.D., You H., Huh J., Ponzoni M., Ferreri A.J.M., Møller M.B., Parsons B.M., Van Krieken J.H., Piris M.A., Winter J.N., Hagemeister F.B., Shahbaba B., De Dios I., Zhang H., Li Y., Xu B., Albitar M., Young K.H.","A refined cell-of-origin classifier with targeted NGS and artificial intelligence shows robust predictive value in DLBCL",2020,,"https://www.scopus.com/inward/record.uri?eid=2-s2.0-85090463296&doi=10.1182%2fbloodadvances.2020001949&partnerID=40&md5=4bced01deaf15db55ecdba5f26edf461","National Institutes of Health

National Cancer Institute

Gundersen Medical Foundation","Final"
"Liu S., Liu D., Muhammad K., Ding W.","Effective template update mechanism in visual tracking with background clutter",2020,,"https://www.scopus.com/inward/record.uri?eid=2-s2.0-85098057017&doi=10.1016%2fj.neucom.2019.12.143&partnerID=40&md5=c44d61bd135a25e6d7f3d07c19c9ac88","National Natural Science Foundation of China

Natural Science Foundation of Jiangsu Province

Zhejiang University

Six Talent Peaks Project in Jiangsu Province

State Key Laboratory of Computer Aided Design and Computer Graphics

Qinglan Project of Jiangsu Province of China","Article in Press"
"Zhang Y., Chan S., Park V.Y., Chang K.-T., Mehta S., Kim M.J., Combs F.J., Chang P., Chow D., Parajuli R., Mehta R.S., Lin C.-Y., Chien S.-H., Chen J.-H., Su M.-Y.","Automatic Detection and Segmentation of Breast Cancer on MRI Using Mask R-CNN Trained on Non–Fat-Sat Images and Tested on Fat-Sat Images",2020,,"https://www.scopus.com/inward/record.uri?eid=2-s2.0-85097791211&doi=10.1016%2fj.acra.2020.12.001&partnerID=40&md5=6bf3de4cad59d0fd9c7983cc124f740f","National Institutes of Health","Article in Press"
"Chen L., Zhang R., Ahmad A., Jeon G., Yang X.","An image super-resolution method for better cognition of images in cognition computing system",2020,,"https://www.scopus.com/inward/record.uri?eid=2-s2.0-85097614574&doi=10.3233%2fJIFS-189127&partnerID=40&md5=084f0ee8a3041020c8a348b36634a5f6","National Natural Science Foundation of China","Final"
"Yeo M., Bang I., Kim D., Ahmad A., Baqa H., Song J., Park C.","Automatic malware detection with machine learning algorithms in a smart office environment",2018,,"https://www.scopus.com/inward/record.uri?eid=2-s2.0-85055035325&doi=10.5573%2fIEIESPC.2018.7.4.313&partnerID=40&md5=4294abdeb54f45ccf4fd95c8db2f123c","Ministry of Education, Science and Technology

Program for New Century Excellent Talents in University

Horizon 2020

Iran Telecommunication Research Center

Institute for Information and Communications Technology Promotion","Final"
